head	relation	tail	pathway
Tgfb1	LRinteraction	Tgfbr1	TGFb
Tgfb1	LRinteraction	Tgfbr2	TGFb
Tgfb2	LRinteraction	Tgfbr1	TGFb
Tgfb2	LRinteraction	Tgfbr2	TGFb
Tgfb3	LRinteraction	Tgfbr1	TGFb
Tgfb3	LRinteraction	Tgfbr2	TGFb
Tgfb1	LRinteraction	Acvr1b	TGFb
Tgfb1	LRinteraction	Acvr1c	TGFb
Tgfb2	LRinteraction	Acvr1b	TGFb
Tgfb2	LRinteraction	Acvr1c	TGFb
Tgfb3	LRinteraction	Acvr1b	TGFb
Tgfb3	LRinteraction	Acvr1c	TGFb
Tgfb1	LRinteraction	Acvr1	TGFb
Tgfb2	LRinteraction	Acvr1	TGFb
Tgfb3	LRinteraction	Acvr1	TGFb
Bmp2	LRinteraction	Bmpr1a	BMP
Bmp2	LRinteraction	Acvr2a	BMP
Bmp2	LRinteraction	Acvr2b	BMP
Bmp2	LRinteraction	Bmpr2	BMP
Bmp2	LRinteraction	Bmpr1b	BMP
Bmp4	LRinteraction	Bmpr1a	BMP
Bmp4	LRinteraction	Acvr2a	BMP
Bmp4	LRinteraction	Acvr2b	BMP
Bmp4	LRinteraction	Bmpr2	BMP
Bmp4	LRinteraction	Bmpr1b	BMP
Gdf5	LRinteraction	Bmpr1a	BMP
Gdf5	LRinteraction	Acvr2a	BMP
Gdf5	LRinteraction	Acvr2b	BMP
Gdf5	LRinteraction	Bmpr2	BMP
Gdf5	LRinteraction	Bmpr1b	BMP
Gdf6	LRinteraction	Bmpr1a	BMP
Gdf6	LRinteraction	Acvr2a	BMP
Gdf6	LRinteraction	Acvr2b	BMP
Gdf6	LRinteraction	Bmpr2	BMP
Gdf6	LRinteraction	Bmpr1b	BMP
Gdf7	LRinteraction	Bmpr1a	BMP
Gdf7	LRinteraction	Acvr2a	BMP
Gdf7	LRinteraction	Acvr2b	BMP
Gdf7	LRinteraction	Bmpr2	BMP
Gdf7	LRinteraction	Bmpr1b	BMP
Bmp15	LRinteraction	Bmpr1b	BMP
Bmp15	LRinteraction	Bmpr2	BMP
Bmp5	LRinteraction	Acvr1	BMP
Bmp5	LRinteraction	Acvr2a	BMP
Bmp5	LRinteraction	Acvr2b	BMP
Bmp5	LRinteraction	Bmpr2	BMP
Bmp5	LRinteraction	Bmpr1a	BMP
Bmp5	LRinteraction	Bmpr1b	BMP
Bmp6	LRinteraction	Acvr1	BMP
Bmp6	LRinteraction	Acvr2a	BMP
Bmp6	LRinteraction	Acvr2b	BMP
Bmp6	LRinteraction	Bmpr2	BMP
Bmp6	LRinteraction	Bmpr1a	BMP
Bmp6	LRinteraction	Bmpr1b	BMP
Bmp7	LRinteraction	Acvr1	BMP
Bmp7	LRinteraction	Acvr2a	BMP
Bmp7	LRinteraction	Acvr2b	BMP
Bmp7	LRinteraction	Bmpr2	BMP
Bmp7	LRinteraction	Bmpr1a	BMP
Bmp7	LRinteraction	Bmpr1b	BMP
Bmp8a	LRinteraction	Acvr1	BMP
Bmp8a	LRinteraction	Acvr2a	BMP
Bmp8a	LRinteraction	Acvr2b	BMP
Bmp8a	LRinteraction	Bmpr2	BMP
Bmp8a	LRinteraction	Bmpr1a	BMP
Bmp8a	LRinteraction	Bmpr1b	BMP
Bmp8b	LRinteraction	Acvr1	BMP
Bmp8b	LRinteraction	Acvr2a	BMP
Bmp8b	LRinteraction	Acvr2b	BMP
Bmp8b	LRinteraction	Bmpr2	BMP
Bmp8b	LRinteraction	Bmpr1a	BMP
Bmp8b	LRinteraction	Bmpr1b	BMP
Bmp10	LRinteraction	Acvrl1	BMP10
Bmp10	LRinteraction	Bmpr2	BMP10
Bmp10	LRinteraction	Acvr2a	BMP10
Gdf2	LRinteraction	Acvrl1	BMP10
Gdf2	LRinteraction	Bmpr2	BMP10
Gdf2	LRinteraction	Acvr2a	BMP10
Gdf9	LRinteraction	Acvr1b	GDF
Gdf9	LRinteraction	Bmpr2	GDF
Gdf10	LRinteraction	Acvr1b	GDF
Gdf10	LRinteraction	Acvr2a	GDF
Gdf11	LRinteraction	Tgfbr1	GDF
Gdf11	LRinteraction	Acvr2a	GDF
Gdf11	LRinteraction	Acvr2b	GDF
Gdf11	LRinteraction	Acvr1b	GDF
Gdf15	LRinteraction	Tgfbr2	GDF
Mstn	LRinteraction	Tgfbr1	MSTN
Mstn	LRinteraction	Acvr2b	MSTN
Mstn	LRinteraction	Acvr1b	MSTN
Mstn	LRinteraction	Acvr2a	MSTN
Amh	LRinteraction	Amhr2	AMH
Amh	LRinteraction	Acvr1	AMH
Amh	LRinteraction	Bmpr1a	AMH
Gdnf	LRinteraction	Gfra1	GDNF
Nrtn	LRinteraction	Gfra2	GDNF
Artn	LRinteraction	Gfra3	GDNF
Pspn	LRinteraction	Gfra4	GDNF
Artn	LRinteraction	Gfra1	GDNF
Nodal	LRinteraction	Acvr1b	NODAL
Nodal	LRinteraction	Acvr2a	NODAL
Nodal	LRinteraction	Acvr1c	NODAL
Nodal	LRinteraction	Acvr2b	NODAL
Gdf1	LRinteraction	Acvr1b	NODAL
Gdf1	LRinteraction	Acvr2a	NODAL
Gdf1	LRinteraction	Acvr2b	NODAL
Gdf1	LRinteraction	Acvr1c	NODAL
Gdf3	LRinteraction	Acvr1b	NODAL
Gdf3	LRinteraction	Acvr2a	NODAL
Gdf3	LRinteraction	Acvr2b	NODAL
Gdf3	LRinteraction	Acvr1c	NODAL
Inhba	LRinteraction	Acvr1b	ACTIVIN
Inhba	LRinteraction	Acvr2a	ACTIVIN
Inhba	LRinteraction	Acvr2b	ACTIVIN
Inhbb	LRinteraction	Acvr1b	ACTIVIN
Inhbb	LRinteraction	Acvr2a	ACTIVIN
Inhbb	LRinteraction	Acvr2b	ACTIVIN
Inhbb	LRinteraction	Acvr1c	ACTIVIN
Inhbc	LRinteraction	Acvr1b	ACTIVIN
Inhbc	LRinteraction	Acvr2a	ACTIVIN
Inhbc	LRinteraction	Acvr2b	ACTIVIN
Inhbc	LRinteraction	Acvr1c	ACTIVIN
Inhbe	LRinteraction	Acvr1b	ACTIVIN
Inhbe	LRinteraction	Acvr2a	ACTIVIN
Inhbe	LRinteraction	Acvr2b	ACTIVIN
Inhbe	LRinteraction	Acvr1c	ACTIVIN
Inhbabb	LRinteraction	Acvr1b	ACTIVIN
Inhbabb	LRinteraction	Acvr2a	ACTIVIN
Inhbabb	LRinteraction	Acvr2b	ACTIVIN
Inhbabb	LRinteraction	Acvr1c	ACTIVIN
Inhb	LRinteraction	Acvr1c	ACTIVIN
Inhb	LRinteraction	Acvr2b	ACTIVIN
Inhaba	LRinteraction	Acvr2a	ACTIVIN
Inhabb	LRinteraction	Acvr2b	ACTIVIN
Wnt1	LRinteraction	Fzd1	WNT
Wnt1	LRinteraction	Lrp5	WNT
Wnt1	LRinteraction	Fzd10	WNT
Wnt1	LRinteraction	Fzd2	WNT
Wnt1	LRinteraction	Fzd3	WNT
Wnt1	LRinteraction	Fzd4	WNT
Wnt1	LRinteraction	Fzd5	WNT
Wnt1	LRinteraction	Fzd6	WNT
Wnt1	LRinteraction	Fzd7	WNT
Wnt1	LRinteraction	Fzd8	WNT
Wnt1	LRinteraction	Fzd9	WNT
Wnt10a	LRinteraction	Fzd1	WNT
Wnt10a	LRinteraction	Lrp5	WNT
Wnt10a	LRinteraction	Fzd10	WNT
Wnt10a	LRinteraction	Fzd2	WNT
Wnt10a	LRinteraction	Fzd3	WNT
Wnt10a	LRinteraction	Fzd4	WNT
Wnt10a	LRinteraction	Fzd5	WNT
Wnt10a	LRinteraction	Fzd6	WNT
Wnt10a	LRinteraction	Fzd7	WNT
Wnt10a	LRinteraction	Fzd8	WNT
Wnt10a	LRinteraction	Fzd9	WNT
Wnt10b	LRinteraction	Fzd1	WNT
Wnt10b	LRinteraction	Lrp5	WNT
Wnt10b	LRinteraction	Fzd10	WNT
Wnt10b	LRinteraction	Fzd2	WNT
Wnt10b	LRinteraction	Fzd3	WNT
Wnt10b	LRinteraction	Fzd4	WNT
Wnt10b	LRinteraction	Fzd5	WNT
Wnt10b	LRinteraction	Fzd6	WNT
Wnt10b	LRinteraction	Fzd7	WNT
Wnt10b	LRinteraction	Fzd8	WNT
Wnt10b	LRinteraction	Fzd9	WNT
Wnt16	LRinteraction	Fzd1	WNT
Wnt16	LRinteraction	Lrp5	WNT
Wnt16	LRinteraction	Fzd10	WNT
Wnt16	LRinteraction	Fzd2	WNT
Wnt16	LRinteraction	Fzd3	WNT
Wnt16	LRinteraction	Fzd4	WNT
Wnt16	LRinteraction	Fzd5	WNT
Wnt16	LRinteraction	Fzd6	WNT
Wnt16	LRinteraction	Fzd7	WNT
Wnt16	LRinteraction	Fzd8	WNT
Wnt16	LRinteraction	Fzd9	WNT
Wnt2	LRinteraction	Fzd1	WNT
Wnt2	LRinteraction	Lrp5	WNT
Wnt2	LRinteraction	Fzd10	WNT
Wnt2	LRinteraction	Fzd2	WNT
Wnt2	LRinteraction	Fzd3	WNT
Wnt2	LRinteraction	Fzd4	WNT
Wnt2	LRinteraction	Fzd5	WNT
Wnt2	LRinteraction	Fzd6	WNT
Wnt2	LRinteraction	Fzd7	WNT
Wnt2	LRinteraction	Fzd8	WNT
Wnt2	LRinteraction	Fzd9	WNT
Wnt2b	LRinteraction	Fzd1	WNT
Wnt2b	LRinteraction	Lrp5	WNT
Wnt2b	LRinteraction	Fzd10	WNT
Wnt2b	LRinteraction	Fzd2	WNT
Wnt2b	LRinteraction	Fzd3	WNT
Wnt2b	LRinteraction	Fzd4	WNT
Wnt2b	LRinteraction	Fzd5	WNT
Wnt2b	LRinteraction	Fzd6	WNT
Wnt2b	LRinteraction	Fzd7	WNT
Wnt2b	LRinteraction	Fzd8	WNT
Wnt2b	LRinteraction	Fzd9	WNT
Wnt3	LRinteraction	Fzd1	WNT
Wnt3	LRinteraction	Lrp5	WNT
Wnt3	LRinteraction	Fzd10	WNT
Wnt3	LRinteraction	Fzd2	WNT
Wnt3	LRinteraction	Fzd3	WNT
Wnt3	LRinteraction	Fzd4	WNT
Wnt3	LRinteraction	Fzd5	WNT
Wnt3	LRinteraction	Fzd6	WNT
Wnt3	LRinteraction	Fzd7	WNT
Wnt3	LRinteraction	Fzd8	WNT
Wnt3	LRinteraction	Fzd9	WNT
Wnt3a	LRinteraction	Fzd1	WNT
Wnt3a	LRinteraction	Lrp5	WNT
Wnt3a	LRinteraction	Fzd10	WNT
Wnt3a	LRinteraction	Fzd2	WNT
Wnt3a	LRinteraction	Fzd3	WNT
Wnt3a	LRinteraction	Fzd4	WNT
Wnt3a	LRinteraction	Fzd5	WNT
Wnt3a	LRinteraction	Fzd6	WNT
Wnt3a	LRinteraction	Fzd7	WNT
Wnt3a	LRinteraction	Fzd8	WNT
Wnt3a	LRinteraction	Fzd9	WNT
Wnt4	LRinteraction	Fzd1	WNT
Wnt4	LRinteraction	Lrp5	WNT
Wnt4	LRinteraction	Fzd10	WNT
Wnt4	LRinteraction	Fzd2	WNT
Wnt4	LRinteraction	Fzd3	WNT
Wnt4	LRinteraction	Fzd4	WNT
Wnt4	LRinteraction	Fzd5	WNT
Wnt4	LRinteraction	Fzd6	WNT
Wnt4	LRinteraction	Fzd7	WNT
Wnt4	LRinteraction	Fzd8	WNT
Wnt4	LRinteraction	Fzd9	WNT
Wnt6	LRinteraction	Fzd1	WNT
Wnt6	LRinteraction	Lrp5	WNT
Wnt6	LRinteraction	Fzd10	WNT
Wnt6	LRinteraction	Fzd2	WNT
Wnt6	LRinteraction	Fzd3	WNT
Wnt6	LRinteraction	Fzd4	WNT
Wnt6	LRinteraction	Fzd5	WNT
Wnt6	LRinteraction	Fzd6	WNT
Wnt6	LRinteraction	Fzd7	WNT
Wnt6	LRinteraction	Fzd8	WNT
Wnt6	LRinteraction	Fzd9	WNT
Wnt7a	LRinteraction	Fzd1	WNT
Wnt7a	LRinteraction	Lrp5	WNT
Wnt7a	LRinteraction	Fzd10	WNT
Wnt7a	LRinteraction	Fzd2	WNT
Wnt7a	LRinteraction	Fzd3	WNT
Wnt7a	LRinteraction	Fzd4	WNT
Wnt7a	LRinteraction	Fzd5	WNT
Wnt7a	LRinteraction	Fzd6	WNT
Wnt7a	LRinteraction	Fzd7	WNT
Wnt7a	LRinteraction	Fzd8	WNT
Wnt7a	LRinteraction	Fzd9	WNT
Wnt7b	LRinteraction	Fzd1	WNT
Wnt7b	LRinteraction	Lrp5	WNT
Wnt7b	LRinteraction	Fzd10	WNT
Wnt7b	LRinteraction	Fzd2	WNT
Wnt7b	LRinteraction	Fzd3	WNT
Wnt7b	LRinteraction	Fzd4	WNT
Wnt7b	LRinteraction	Fzd5	WNT
Wnt7b	LRinteraction	Fzd6	WNT
Wnt7b	LRinteraction	Fzd7	WNT
Wnt7b	LRinteraction	Fzd8	WNT
Wnt7b	LRinteraction	Fzd9	WNT
Wnt8a	LRinteraction	Fzd1	WNT
Wnt8a	LRinteraction	Lrp5	WNT
Wnt8a	LRinteraction	Fzd10	WNT
Wnt8a	LRinteraction	Fzd2	WNT
Wnt8a	LRinteraction	Fzd3	WNT
Wnt8a	LRinteraction	Fzd4	WNT
Wnt8a	LRinteraction	Fzd5	WNT
Wnt8a	LRinteraction	Fzd6	WNT
Wnt8a	LRinteraction	Fzd7	WNT
Wnt8a	LRinteraction	Fzd8	WNT
Wnt8a	LRinteraction	Fzd9	WNT
Wnt8b	LRinteraction	Fzd1	WNT
Wnt8b	LRinteraction	Lrp5	WNT
Wnt8b	LRinteraction	Fzd10	WNT
Wnt8b	LRinteraction	Fzd2	WNT
Wnt8b	LRinteraction	Fzd3	WNT
Wnt8b	LRinteraction	Fzd4	WNT
Wnt8b	LRinteraction	Fzd5	WNT
Wnt8b	LRinteraction	Fzd6	WNT
Wnt8b	LRinteraction	Fzd7	WNT
Wnt8b	LRinteraction	Fzd8	WNT
Wnt8b	LRinteraction	Fzd9	WNT
Wnt9a	LRinteraction	Fzd1	WNT
Wnt9a	LRinteraction	Lrp5	WNT
Wnt9a	LRinteraction	Fzd10	WNT
Wnt9a	LRinteraction	Fzd2	WNT
Wnt9a	LRinteraction	Fzd3	WNT
Wnt9a	LRinteraction	Fzd4	WNT
Wnt9a	LRinteraction	Fzd5	WNT
Wnt9a	LRinteraction	Fzd6	WNT
Wnt9a	LRinteraction	Fzd7	WNT
Wnt9a	LRinteraction	Fzd8	WNT
Wnt9a	LRinteraction	Fzd9	WNT
Wnt9b	LRinteraction	Fzd1	WNT
Wnt9b	LRinteraction	Lrp5	WNT
Wnt9b	LRinteraction	Fzd10	WNT
Wnt9b	LRinteraction	Fzd2	WNT
Wnt9b	LRinteraction	Fzd3	WNT
Wnt9b	LRinteraction	Fzd4	WNT
Wnt9b	LRinteraction	Fzd5	WNT
Wnt9b	LRinteraction	Fzd6	WNT
Wnt9b	LRinteraction	Fzd7	WNT
Wnt9b	LRinteraction	Fzd8	WNT
Wnt9b	LRinteraction	Fzd9	WNT
Wnt1	LRinteraction	Lrp6	WNT
Wnt10a	LRinteraction	Lrp6	WNT
Wnt10b	LRinteraction	Lrp6	WNT
Wnt16	LRinteraction	Lrp6	WNT
Wnt2	LRinteraction	Lrp6	WNT
Wnt2b	LRinteraction	Lrp6	WNT
Wnt3	LRinteraction	Lrp6	WNT
Wnt3a	LRinteraction	Lrp6	WNT
Wnt4	LRinteraction	Lrp6	WNT
Wnt6	LRinteraction	Lrp6	WNT
Wnt7a	LRinteraction	Lrp6	WNT
Wnt7b	LRinteraction	Lrp6	WNT
Wnt8a	LRinteraction	Lrp6	WNT
Wnt8b	LRinteraction	Lrp6	WNT
Wnt9a	LRinteraction	Lrp6	WNT
Wnt9b	LRinteraction	Lrp6	WNT
Wnt5a	LRinteraction	Fzd1	ncWNT
Wnt5a	LRinteraction	Fzd10	ncWNT
Wnt5a	LRinteraction	Fzd2	ncWNT
Wnt5a	LRinteraction	Fzd3	ncWNT
Wnt5a	LRinteraction	Fzd4	ncWNT
Wnt5a	LRinteraction	Fzd5	ncWNT
Wnt5a	LRinteraction	Fzd6	ncWNT
Wnt5a	LRinteraction	Fzd7	ncWNT
Wnt5a	LRinteraction	Fzd8	ncWNT
Wnt5a	LRinteraction	Fzd9	ncWNT
Wnt5a	LRinteraction	Mcam	ncWNT
Wnt5b	LRinteraction	Fzd1	ncWNT
Wnt5b	LRinteraction	Fzd10	ncWNT
Wnt5b	LRinteraction	Fzd2	ncWNT
Wnt5b	LRinteraction	Fzd3	ncWNT
Wnt5b	LRinteraction	Fzd4	ncWNT
Wnt5b	LRinteraction	Fzd5	ncWNT
Wnt5b	LRinteraction	Fzd6	ncWNT
Wnt5b	LRinteraction	Fzd7	ncWNT
Wnt5b	LRinteraction	Fzd8	ncWNT
Wnt5b	LRinteraction	Fzd9	ncWNT
Wnt11	LRinteraction	Fzd1	ncWNT
Wnt11	LRinteraction	Fzd10	ncWNT
Wnt11	LRinteraction	Fzd2	ncWNT
Wnt11	LRinteraction	Fzd3	ncWNT
Wnt11	LRinteraction	Fzd4	ncWNT
Wnt11	LRinteraction	Fzd5	ncWNT
Wnt11	LRinteraction	Fzd6	ncWNT
Wnt11	LRinteraction	Fzd7	ncWNT
Wnt11	LRinteraction	Fzd8	ncWNT
Wnt11	LRinteraction	Fzd9	ncWNT
Egf	LRinteraction	Egfr	EGF
Egf	LRinteraction	Erbb2	EGF
Tgfa	LRinteraction	Egfr	EGF
Tgfa	LRinteraction	Erbb2	EGF
Areg	LRinteraction	Egfr	EGF
Areg	LRinteraction	Erbb2	EGF
Btc	LRinteraction	Egfr	EGF
Btc	LRinteraction	Erbb2	EGF
Btc	LRinteraction	Erbb4	EGF
Hbegf	LRinteraction	Egfr	EGF
Hbegf	LRinteraction	Erbb2	EGF
Hbegf	LRinteraction	Erbb4	EGF
Ereg	LRinteraction	Egfr	EGF
Ereg	LRinteraction	Erbb2	EGF
Ereg	LRinteraction	Erbb4	EGF
Nrg1	LRinteraction	Erbb3	NRG
Nrg1	LRinteraction	Erbb2	NRG
Nrg1	LRinteraction	Erbb4	NRG
Nrg2	LRinteraction	Erbb3	NRG
Nrg2	LRinteraction	Erbb2	NRG
Nrg2	LRinteraction	Erbb4	NRG
Nrg3	LRinteraction	Erbb4	NRG
Nrg3	LRinteraction	Erbb2	NRG
Nrg4	LRinteraction	Erbb4	NRG
Nrg4	LRinteraction	Erbb2	NRG
Nrg1	LRinteraction	Itgav	NRG
Nrg1	LRinteraction	Itgb3	NRG
Fgf1	LRinteraction	Fgfr1	FGF
Fgf1	LRinteraction	Fgfr2	FGF
Fgf1	LRinteraction	Fgfr3	FGF
Fgf1	LRinteraction	Fgfr4	FGF
Fgf2	LRinteraction	Fgfr1	FGF
Fgf2	LRinteraction	Fgfr2	FGF
Fgf2	LRinteraction	Fgfr3	FGF
Fgf2	LRinteraction	Fgfr4	FGF
Fgf4	LRinteraction	Fgfr1	FGF
Fgf4	LRinteraction	Fgfr2	FGF
Fgf4	LRinteraction	Fgfr3	FGF
Fgf4	LRinteraction	Fgfr4	FGF
Fgf5	LRinteraction	Fgfr1	FGF
Fgf5	LRinteraction	Fgfr2	FGF
Fgf5	LRinteraction	Fgfr3	FGF
Fgf5	LRinteraction	Fgfr4	FGF
Fgf6	LRinteraction	Fgfr1	FGF
Fgf6	LRinteraction	Fgfr2	FGF
Fgf6	LRinteraction	Fgfr3	FGF
Fgf6	LRinteraction	Fgfr4	FGF
Fgf7	LRinteraction	Fgfr1	FGF
Fgf7	LRinteraction	Fgfr2	FGF
Fgf3	LRinteraction	Fgfr1	FGF
Fgf3	LRinteraction	Fgfr2	FGF
Fgf10	LRinteraction	Fgfr1	FGF
Fgf10	LRinteraction	Fgfr2	FGF
Fgf22	LRinteraction	Fgfr2	FGF
Fgf8	LRinteraction	Fgfr1	FGF
Fgf8	LRinteraction	Fgfr2	FGF
Fgf8	LRinteraction	Fgfr3	FGF
Fgf8	LRinteraction	Fgfr4	FGF
Fgf17	LRinteraction	Fgfr1	FGF
Fgf17	LRinteraction	Fgfr2	FGF
Fgf17	LRinteraction	Fgfr3	FGF
Fgf17	LRinteraction	Fgfr4	FGF
Fgf18	LRinteraction	Fgfr1	FGF
Fgf18	LRinteraction	Fgfr2	FGF
Fgf18	LRinteraction	Fgfr3	FGF
Fgf18	LRinteraction	Fgfr4	FGF
Fgf9	LRinteraction	Fgfr1	FGF
Fgf9	LRinteraction	Fgfr2	FGF
Fgf9	LRinteraction	Fgfr3	FGF
Fgf9	LRinteraction	Fgfr4	FGF
Fgf20	LRinteraction	Fgfr1	FGF
Fgf20	LRinteraction	Fgfr2	FGF
Fgf20	LRinteraction	Fgfr3	FGF
Fgf20	LRinteraction	Fgfr4	FGF
Fgf16	LRinteraction	Fgfr1	FGF
Fgf16	LRinteraction	Fgfr2	FGF
Fgf16	LRinteraction	Fgfr3	FGF
Fgf16	LRinteraction	Fgfr4	FGF
Fgf15	LRinteraction	Fgfr1	FGF
Fgf15	LRinteraction	Fgfr2	FGF
Fgf15	LRinteraction	Fgfr3	FGF
Fgf15	LRinteraction	Fgfr4	FGF
Fgf21	LRinteraction	Fgfr1	FGF
Fgf21	LRinteraction	Fgfr3	FGF
Fgf23	LRinteraction	Fgfr1	FGF
Fgf23	LRinteraction	Fgfr3	FGF
Fgf23	LRinteraction	Fgfr4	FGF
Pdgfa	LRinteraction	Pdgfra	PDGF
Pdgfa	LRinteraction	Pdgfrb	PDGF
Pdgfb	LRinteraction	Pdgfra	PDGF
Pdgfb	LRinteraction	Pdgfrb	PDGF
Pdgfc	LRinteraction	Pdgfra	PDGF
Pdgfd	LRinteraction	Pdgfrb	PDGF
Vegfa	LRinteraction	Vegfr1	VEGF
Vegfa	LRinteraction	Vegfr2	VEGF
Vegfb	LRinteraction	Vegfr1	VEGF
Vegfc	LRinteraction	Vegfr3	VEGF
Vegfc	LRinteraction	Vegfr2	VEGF
Vegfd	LRinteraction	Vegfr3	VEGF
Vegfd	LRinteraction	Vegfr2	VEGF
Pgf	LRinteraction	Vegfr1	VEGF
Vegfa	LRinteraction	Vegfr1r2	VEGF
Vegfc	LRinteraction	Vegfr2r3	VEGF
Vegfd	LRinteraction	Vegfr2r3	VEGF
Igf1	LRinteraction	Igf1r	IGF
Igf2	LRinteraction	Igf1r	IGF
Igf2	LRinteraction	Igf2r	IGF
Igf1	LRinteraction	Itgav	IGF
Igf1	LRinteraction	Itgb3	IGF
Igf1	LRinteraction	Itga6	IGF
Igf1	LRinteraction	Itgb4	IGF
Igf2	LRinteraction	Itgav	IGF
Igf2	LRinteraction	Itgb3	IGF
Igf2	LRinteraction	Itga6	IGF
Igf2	LRinteraction	Itgb4	IGF
Igfl3	LRinteraction	Igflr1	IGF
Ins1	LRinteraction	Inssr	INSULIN
Ins2	LRinteraction	Inssr	INSULIN
Apln	LRinteraction	Aplnr	APELIN
Dhh	LRinteraction	Ptch1	HH
Ihh	LRinteraction	Ptch1	HH
Shh	LRinteraction	Ptch1	HH
Dhh	LRinteraction	Ptch2	HH
Ihh	LRinteraction	Ptch2	HH
Shh	LRinteraction	Ptch2	HH
Ccl5	LRinteraction	Ccr1	CCL
Ccl3	LRinteraction	Ccr1	CCL
Ccl8	LRinteraction	Ccr1	CCL
Ccl9	LRinteraction	Ccr1	CCL
Ccl6	LRinteraction	Ccr1	CCL
Ccl7	LRinteraction	Ccr1	CCL
Ccl5	LRinteraction	Ccr1l1	CCL
Ccl3	LRinteraction	Ccr1l1	CCL
Ccl8	LRinteraction	Ccr1l1	CCL
Ccl9	LRinteraction	Ccr1l1	CCL
Ccl6	LRinteraction	Ccr1l1	CCL
Ccl7	LRinteraction	Ccr1l1	CCL
Ccl8	LRinteraction	Ccr2	CCL
Ccl6	LRinteraction	Ccr2	CCL
Ccl7	LRinteraction	Ccr2	CCL
Ccl2	LRinteraction	Ccr2	CCL
Ccl12	LRinteraction	Ccr2	CCL
Ccl27a	LRinteraction	Ccr2	CCL
Ccl27b	LRinteraction	Ccr2	CCL
Ccl5	LRinteraction	Ccr3	CCL
Ccl6	LRinteraction	Ccr3	CCL
Ccl7	LRinteraction	Ccr3	CCL
Ccl11	LRinteraction	Ccr3	CCL
Ccl24	LRinteraction	Ccr3	CCL
Ccl26	LRinteraction	Ccr3	CCL
Ccl28	LRinteraction	Ccr3	CCL
Ccl27a	LRinteraction	Ccr3	CCL
Ccl27b	LRinteraction	Ccr3	CCL
Ccl17	LRinteraction	Ccr4	CCL
Ccl22	LRinteraction	Ccr4	CCL
Ccl5	LRinteraction	Ccr4	CCL
Ccl4	LRinteraction	Ccr5	CCL
Ccl5	LRinteraction	Ccr5	CCL
Ccl3	LRinteraction	Ccr5	CCL
Ccl8	LRinteraction	Ccr5	CCL
Ccl20	LRinteraction	Ccr6	CCL
Ccl19	LRinteraction	Ccr7	CCL
Ccl21a	LRinteraction	Ccr7	CCL
Ccl21b	LRinteraction	Ccr7	CCL
Ccl21c	LRinteraction	Ccr7	CCL
Ccl19	LRinteraction	Ackr4	CCL
Ccl21a	LRinteraction	Ackr4	CCL
Ccl21b	LRinteraction	Ackr4	CCL
Ccl21c	LRinteraction	Ackr4	CCL
Ccl1	LRinteraction	Ccr8	CCL
Ccl25	LRinteraction	Ccr9	CCL
Ccl25	LRinteraction	Ackr4	CCL
Ccl28	LRinteraction	Ccr10	CCL
Ccl27a	LRinteraction	Ccr10	CCL
Ccl27b	LRinteraction	Ccr10	CCL
Ccl1	LRinteraction	Ackr4	CCL
Ccl8	LRinteraction	Ackr4	CCL
Ccl1	LRinteraction	Ackr1	CCL
Ccl2	LRinteraction	Ackr1	CCL
Ccl2	LRinteraction	Ackr2	CCL
Ccl3	LRinteraction	Ackr2	CCL
Ccl4	LRinteraction	Ackr2	CCL
Ccl5	LRinteraction	Ackr1	CCL
Ccl5	LRinteraction	Ackr2	CCL
Ccl7	LRinteraction	Ackr1	CCL
Ccl8	LRinteraction	Ackr1	CCL
Ccl11	LRinteraction	Ackr1	CCL
Ccl11	LRinteraction	Ackr2	CCL
Ccl22	LRinteraction	Ackr2	CCL
Ccl24	LRinteraction	Ackr2	CCL
Ccl26	LRinteraction	Ackr2	CCL
Ccl17	LRinteraction	Ackr1	CCL
Ccl17	LRinteraction	Ackr2	CCL
Cxcl1	LRinteraction	Cxcr1	CXCL
Cxcl5	LRinteraction	Cxcr1	CXCL
Cxcl2	LRinteraction	Cxcr1	CXCL
Cxcl3	LRinteraction	Cxcr1	CXCL
Cxcl1	LRinteraction	Cxcr2	CXCL
Cxcl5	LRinteraction	Cxcr2	CXCL
Cxcl2	LRinteraction	Cxcr2	CXCL
Cxcl3	LRinteraction	Cxcr2	CXCL
Ppbp	LRinteraction	Cxcr2	CXCL
Cxcl4	LRinteraction	Cxcr3	CXCL
Cxcl9	LRinteraction	Cxcr3	CXCL
Cxcl10	LRinteraction	Cxcr3	CXCL
Cxcl11	LRinteraction	Cxcr3	CXCL
Cxcl13	LRinteraction	Cxcr3	CXCL
Pf4	LRinteraction	Cxcr3	CXCL
Cxcl12	LRinteraction	Cxcr4	CXCL
Cxcl12	LRinteraction	Ackr3	CXCL
Cxcl13	LRinteraction	Cxcr5	CXCL
Cxcl16	LRinteraction	Cxcr6	CXCL
Cxcl1	LRinteraction	Ackr1	CXCL
Cxcl2	LRinteraction	Ackr1	CXCL
Cxcl3	LRinteraction	Ackr1	CXCL
Cxcl5	LRinteraction	Ackr1	CXCL
Cxcl9	LRinteraction	Ackr1	CXCL
Cxcl10	LRinteraction	Ackr1	CXCL
Cxcl11	LRinteraction	Ackr1	CXCL
Cxcl11	LRinteraction	Ackr3	CXCL
Cxcl13	LRinteraction	Ackr1	CXCL
Mif	LRinteraction	Cd74	MIF
Mif	LRinteraction	Cxcr4	MIF
Mif	LRinteraction	Cd44	MIF
Mif	LRinteraction	Cxcr2	MIF
Mif	LRinteraction	Ackr3	MIF
Cx3cl1	LRinteraction	Cx3cr1	CX3C
Xcl1	LRinteraction	Xcr1	XCR
Il2	LRinteraction	Il2ra	IL2
Il2	LRinteraction	Il2rb	IL2
Il2	LRinteraction	Il2rg	IL2
Il4	LRinteraction	Il4r	IL2
Il4	LRinteraction	Il2rg	IL2
Il7	LRinteraction	Il7r	IL2
Il7	LRinteraction	Il2rg	IL2
Il9	LRinteraction	Il9r	IL2
Il9	LRinteraction	Il2rg	IL2
Il15	LRinteraction	Il15ra	IL2
Il15	LRinteraction	Il2rb	IL2
Il21	LRinteraction	Il21r	IL2
Il21	LRinteraction	Il2rg	IL2
Tslp	LRinteraction	Il7r	IL2
Tslp	LRinteraction	Crlf2	IL2
Il3	LRinteraction	Il3ra	IL4
Il3	LRinteraction	Csf2rb	IL4
Il5	LRinteraction	Il5ra	IL4
Il5	LRinteraction	Csf2rb	IL4
Csf2	LRinteraction	Csf2ra	IL4
Csf2	LRinteraction	Csf2rb	IL4
Il4	LRinteraction	Il4r	IL4
Il4	LRinteraction	Il13ra1	IL4
Il4	LRinteraction	Il13ra2	IL4
Il13	LRinteraction	Il4r	IL4
Il13	LRinteraction	Il13ra1	IL4
Il13	LRinteraction	Il13ra2	IL4
Il6	LRinteraction	Il6r	IL6
Il6	LRinteraction	Il6st	IL6
Il11	LRinteraction	Il11ra1	IL6
Il11	LRinteraction	Il6st	IL6
Il11	LRinteraction	Il11ra2	IL6
Il12b	LRinteraction	Il12rb1	IL12
Il12b	LRinteraction	Il12rb2	IL12
Il23a	LRinteraction	Il23r	IL12
Il23a	LRinteraction	Il12rb1	IL12
Ebi3	LRinteraction	Il27ra	IL12
Ebi3	LRinteraction	Il6st	IL12
Il31	LRinteraction	Il31ra	IL6
Il31	LRinteraction	Osmr	IL6
Cntf	LRinteraction	Cntfr	LIFR
Cntf	LRinteraction	Lifr	LIFR
Clcf1	LRinteraction	Cntfr	LIFR
Clcf1	LRinteraction	Lifr	LIFR
Ctf1	LRinteraction	Lifr	LIFR
Ctf1	LRinteraction	Il6st	LIFR
Lif	LRinteraction	Lifr	LIFR
Lif	LRinteraction	Il6st	LIFR
Osm	LRinteraction	Lifr	OSM
Osm	LRinteraction	Il6st	OSM
Osm	LRinteraction	Osmr	OSM
Il10	LRinteraction	Il10ra	IL10
Il10	LRinteraction	Il10rb	IL10
Il19	LRinteraction	Il20ra	IL10
Il19	LRinteraction	Il20rb	IL10
Il20	LRinteraction	Il20ra	IL10
Il20	LRinteraction	Il20rb	IL10
Il24	LRinteraction	Il20ra	IL10
Il24	LRinteraction	Il20rb	IL10
Il20	LRinteraction	Il22ra1	IL10
Il24	LRinteraction	Il22ra1	IL10
Il22	LRinteraction	Il22ra1	IL10
Il22	LRinteraction	Il10rb	IL10
Il1a	LRinteraction	Il1r1	IL1
Il1a	LRinteraction	Il1rap	IL1
Il1b	LRinteraction	Il1r1	IL1
Il1b	LRinteraction	Il1rap	IL1
Il1f5	LRinteraction	Il1rl2	IL1
Il1f5	LRinteraction	Il1rap	IL1
Il1f6	LRinteraction	Il1rl2	IL1
Il1f6	LRinteraction	Il1rap	IL1
Il1f8	LRinteraction	Il1rl2	IL1
Il1f8	LRinteraction	Il1rap	IL1
Il1f9	LRinteraction	Il1rl2	IL1
Il1f9	LRinteraction	Il1rap	IL1
Il1f10	LRinteraction	Il1rl2	IL1
Il1f10	LRinteraction	Il1rap	IL1
Il18	LRinteraction	Il18r1	IL1
Il18	LRinteraction	Il18rap	IL1
Il33	LRinteraction	Il1rl1	IL1
Il33	LRinteraction	Il1rap	IL1
Il17a	LRinteraction	Il17ra	IL17
Il17a	LRinteraction	Il17rc	IL17
Il17f	LRinteraction	Il17ra	IL17
Il17f	LRinteraction	Il17rc	IL17
Il17af	LRinteraction	Il17ra	IL17
Il17af	LRinteraction	Il17rc	IL17
Il17b	LRinteraction	Il17rb	IL17
Il17c	LRinteraction	Il17ra	IL17
Il17c	LRinteraction	Il17re	IL17
Il25	LRinteraction	Il17ra	IL17
Il25	LRinteraction	Il17rb	IL17
Il34	LRinteraction	Csf1r	CSF
Csf1	LRinteraction	Csf1r	CSF
Il16	LRinteraction	Cd4	IL16
Epo	LRinteraction	Epor	EPO
Gh1	LRinteraction	Ghr	GH
Prl	LRinteraction	Prlr	PRL
Thpo	LRinteraction	Mpl	THPO
Csf3	LRinteraction	Csf3r	CSF3
Ifna	LRinteraction	Ifnar1	IFN-I
Ifna	LRinteraction	Ifnar2	IFN-I
Ifnb1	LRinteraction	Ifnar1	IFN-I
Ifnb1	LRinteraction	Ifnar2	IFN-I
Ifnk	LRinteraction	Ifnar1	IFN-I
Ifnk	LRinteraction	Ifnar2	IFN-I
Ifne	LRinteraction	Ifnar1	IFN-I
Ifne	LRinteraction	Ifnar2	IFN-I
Ifna11	LRinteraction	Ifnar1	IFN-I
Ifna11	LRinteraction	Ifnar2	IFN-I
Ifna1	LRinteraction	Ifnar1	IFN-I
Ifna1	LRinteraction	Ifnar2	IFN-I
Ifna2	LRinteraction	Ifnar1	IFN-I
Ifna2	LRinteraction	Ifnar2	IFN-I
Ifna4	LRinteraction	Ifnar1	IFN-I
Ifna4	LRinteraction	Ifnar2	IFN-I
Ifna5	LRinteraction	Ifnar1	IFN-I
Ifna5	LRinteraction	Ifnar2	IFN-I
Ifna6	LRinteraction	Ifnar1	IFN-I
Ifna6	LRinteraction	Ifnar2	IFN-I
Ifna7	LRinteraction	Ifnar1	IFN-I
Ifna7	LRinteraction	Ifnar2	IFN-I
Ifna9	LRinteraction	Ifnar1	IFN-I
Ifna9	LRinteraction	Ifnar2	IFN-I
Ifnab	LRinteraction	Ifnar1	IFN-I
Ifnab	LRinteraction	Ifnar2	IFN-I
Ifna12	LRinteraction	Ifnar1	IFN-I
Ifna12	LRinteraction	Ifnar2	IFN-I
Ifna13	LRinteraction	Ifnar1	IFN-I
Ifna13	LRinteraction	Ifnar2	IFN-I
Ifna14	LRinteraction	Ifnar1	IFN-I
Ifna14	LRinteraction	Ifnar2	IFN-I
Ifna15	LRinteraction	Ifnar1	IFN-I
Ifna15	LRinteraction	Ifnar2	IFN-I
Ifng	LRinteraction	Ifngr1	IFN-II
Ifng	LRinteraction	Ifngr2	IFN-II
Ifnl2	LRinteraction	Ifnlr1	IFN-lII
Ifnl2	LRinteraction	Il10rb	IFN-lII
Ifnl3	LRinteraction	Ifnlr1	IFN-lII
Ifnl3	LRinteraction	Il10rb	IFN-lII
Tnf	LRinteraction	Tnfrsf1a	TNF
Tnf	LRinteraction	Tnfrsf1b	TNF
Lta	LRinteraction	Tnfrsf1a	LT
Lta	LRinteraction	Tnfrsf1b	LT
Lta	LRinteraction	Tnfrsf14	LT
Lta	LRinteraction	Ltb	LT
Lta	LRinteraction	Ltbr	LT
Tnfsf14	LRinteraction	Ltbr	LIGHT
Tnfsf14	LRinteraction	Tnfrsf14	LIGHT
Fasl	LRinteraction	Fas	FASLG
Tnfsf15	LRinteraction	Tnfrsf25	VEGI
Tnfsf10	LRinteraction	Tnfrsf10b	TRAIL
Eda	LRinteraction	Edar	EDA
Eda	LRinteraction	Eda2r	EDA
Ngf	LRinteraction	Ngfr	NGF
Klk1b4	LRinteraction	Ngfr	NGF
Tnfsf11	LRinteraction	Tnfrsf11a	RANKL
Tnfsf11	LRinteraction	Tnfrsf11b	RANKL
Tnfsf12	LRinteraction	Tnfrsf12a	TWEAK
Cd70	LRinteraction	Cd27	CD70
Tnfsf8	LRinteraction	Tnfrsf8	CD30
Tnfsf9	LRinteraction	Tnfrsf9	CD137
Tnfsf4	LRinteraction	Tnfrsf4	OX40
Tnfsf18	LRinteraction	Tnfrsf18	GITRL
Tnfsf13	LRinteraction	Tnfrsf17	APRIL
Tnfsf13	LRinteraction	Tnfrsf13b	APRIL
Tnfsf13b	LRinteraction	Tnfrsf17	BAFF
Tnfsf13b	LRinteraction	Tnfrsf13b	BAFF
Tnfsf13b	LRinteraction	Tnfrsf13c	BAFF
Cd40lg	LRinteraction	Itga2b	CD40
Cd40lg	LRinteraction	Itgb3	CD40
Cd40lg	LRinteraction	Itga5	CD40
Cd40lg	LRinteraction	Itgb1	CD40
Cd40lg	LRinteraction	Itgam	CD40
Cd40lg	LRinteraction	Itgb2	CD40
Spp1	LRinteraction	Cd44	SPP1
Spp1	LRinteraction	Itgav	SPP1
Spp1	LRinteraction	Itgb3	SPP1
Spp1	LRinteraction	Itgb1	SPP1
Spp1	LRinteraction	Itgb5	SPP1
Spp1	LRinteraction	Itgb6	SPP1
Spp1	LRinteraction	Itga4	SPP1
Spp1	LRinteraction	Itga9	SPP1
Spp1	LRinteraction	Itga8	SPP1
Spp1	LRinteraction	Itga5	SPP1
Adipoq	LRinteraction	Adipor1	ADIPONECTIN
Adipoq	LRinteraction	Adipor2	ADIPONECTIN
Retn	LRinteraction	Tlr4	RESISTIN
Retn	LRinteraction	Cap1	RESISTIN
Nampt	LRinteraction	Insr	VISFATIN
Nampt	LRinteraction	Itga5	VISFATIN
Nampt	LRinteraction	Itgb1	VISFATIN
Angptl1	LRinteraction	Itga1	ANGPTL
Angptl1	LRinteraction	Itgb1	ANGPTL
Angptl2	LRinteraction	Itga5	ANGPTL
Angptl2	LRinteraction	Itgb1	ANGPTL
Angptl2	LRinteraction	Tlr4	ANGPTL
Angptl2	LRinteraction	Pirb	ANGPTL
Angptl1	LRinteraction	Pirb	ANGPTL
Angptl7	LRinteraction	Pirb	ANGPTL
Angptl4	LRinteraction	Itga5	ANGPTL
Angptl4	LRinteraction	Itgb1	ANGPTL
Angptl4	LRinteraction	Itgav	ANGPTL
Angptl4	LRinteraction	Itgb3	ANGPTL
Angptl4	LRinteraction	Cdh5	ANGPTL
Angptl4	LRinteraction	Cdh11	ANGPTL
Angptl4	LRinteraction	Sdc1	ANGPTL
Angptl4	LRinteraction	Sdc2	ANGPTL
Angptl4	LRinteraction	Sdc3	ANGPTL
Angptl4	LRinteraction	Sdc4	ANGPTL
Angptl3	LRinteraction	Itgav	ANGPTL
Angptl3	LRinteraction	Itgb3	ANGPTL
Angpt1	LRinteraction	Tek	ANGPT
Angpt2	LRinteraction	Tek	ANGPT
Angpt2	LRinteraction	Itga5	ANGPT
Angpt2	LRinteraction	Itgb1	ANGPT
Mdk	LRinteraction	Sdc1	MK
Mdk	LRinteraction	Sdc2	MK
Mdk	LRinteraction	Sdc4	MK
Mdk	LRinteraction	Ptprz1	MK
Mdk	LRinteraction	Itga4	MK
Mdk	LRinteraction	Itgb1	MK
Mdk	LRinteraction	Itga6	MK
Mdk	LRinteraction	Lrp1	MK
Mdk	LRinteraction	Ncl	MK
Mdk	LRinteraction	Alk	MK
Ptn	LRinteraction	Ptprz1	PTN
Ptn	LRinteraction	Sdc1	PTN
Ptn	LRinteraction	Sdc2	PTN
Ptn	LRinteraction	Sdc3	PTN
Ptn	LRinteraction	Sdc4	PTN
Ptn	LRinteraction	Itgav	PTN
Ptn	LRinteraction	Itgb3	PTN
Ptn	LRinteraction	Ncl	PTN
Ptn	LRinteraction	Alk	PTN
Postn	LRinteraction	Itgav	PERIOSTIN
Postn	LRinteraction	Itgb3	PERIOSTIN
Postn	LRinteraction	Itgb5	PERIOSTIN
Agt	LRinteraction	Agtr1a	AGT
Agt	LRinteraction	Agtr1b	AGT
Grp	LRinteraction	Grpr	GPR
Nmb	LRinteraction	Nmbr	GPR
Kng1	LRinteraction	Bdkrb1	BRADYKININ
Kng1	LRinteraction	Bdkrb2	BRADYKININ
Kng2	LRinteraction	Bdkrb1	BRADYKININ
Kng2	LRinteraction	Bdkrb2	BRADYKININ
C3	LRinteraction	C3ar1	COMPLEMENT
C3	LRinteraction	Cr2	COMPLEMENT
C3	LRinteraction	Itgam	COMPLEMENT
C3	LRinteraction	Itgb2	COMPLEMENT
C3	LRinteraction	Itgax	COMPLEMENT
C4a	LRinteraction	C3ar1	COMPLEMENT
C4b	LRinteraction	Cr2	COMPLEMENT
Hc	LRinteraction	C5ar1	COMPLEMENT
Cck	LRinteraction	Cckar	CCK
Cck	LRinteraction	Cckbr	CCK
Edn1	LRinteraction	Ednra	EDN
Edn2	LRinteraction	Ednra	EDN
Edn3	LRinteraction	Ednra	EDN
Edn1	LRinteraction	Ednrb	EDN
Edn2	LRinteraction	Ednrb	EDN
Edn3	LRinteraction	Ednrb	EDN
Gal	LRinteraction	Galr1	GALANIN
Gal	LRinteraction	Galr2	GALANIN
Gal	LRinteraction	Galr3	GALANIN
Galp	LRinteraction	Galr1	GALANIN
Galp	LRinteraction	Galr2	GALANIN
Ghrl	LRinteraction	Ghsr	GHRELIN
Kiss1	LRinteraction	Kiss1r	KISS1
Pomc	LRinteraction	Mc1r	MELANOCORTIN
Pomc	LRinteraction	Mc2r	MELANOCORTIN
Pomc	LRinteraction	Mc3r	MELANOCORTIN
Pomc	LRinteraction	Mc4r	MELANOCORTIN
Pomc	LRinteraction	Mc5r	MELANOCORTIN
Nmu	LRinteraction	Nmur1	NMU
Nmu	LRinteraction	Nmur2	NMU
Nms	LRinteraction	Nmur1	NMU
Nms	LRinteraction	Nmur2	NMU
Npff	LRinteraction	Npffr1	NPFF
Npff	LRinteraction	Npffr2	NPFF
Npy	LRinteraction	Npy1r	NPY
Npy	LRinteraction	Npy2r	NPY
Npy	LRinteraction	Npy4r	NPY
Npy	LRinteraction	Npy5r	NPY
Npy	LRinteraction	Npy6r	NPY
Npy	LRinteraction	Gpr83	NPY
Npy	LRinteraction	Pgr15l	NPY
Ppy	LRinteraction	Npy1r	NPY
Ppy	LRinteraction	Npy2r	NPY
Ppy	LRinteraction	Npy4r	NPY
Ppy	LRinteraction	Npy5r	NPY
Ppy	LRinteraction	Npy6r	NPY
Ppy	LRinteraction	Gpr83	NPY
Ppy	LRinteraction	Pgr15l	NPY
Pyy	LRinteraction	Npy1r	NPY
Pyy	LRinteraction	Npy2r	NPY
Pyy	LRinteraction	Npy4r	NPY
Pyy	LRinteraction	Npy5r	NPY
Pyy	LRinteraction	Npy6r	NPY
Pyy	LRinteraction	Gpr83	NPY
Pyy	LRinteraction	Pgr15l	NPY
Npb	LRinteraction	Npbwr1	NPW-B
Npw	LRinteraction	Npbwr1	NPW-B
Nts	LRinteraction	Ntsr1	NTS
Nts	LRinteraction	Ntsr2	NTS
Pdyn	LRinteraction	Oprd1	OPIOID
Pdyn	LRinteraction	Oprk1	OPIOID
Pdyn	LRinteraction	Oprl1	OPIOID
Pdyn	LRinteraction	Oprm1	OPIOID
Penk	LRinteraction	Oprd1	OPIOID
Penk	LRinteraction	Oprk1	OPIOID
Penk	LRinteraction	Oprl1	OPIOID
Penk	LRinteraction	Oprm1	OPIOID
Pomc	LRinteraction	Oprd1	OPIOID
Pomc	LRinteraction	Oprk1	OPIOID
Pomc	LRinteraction	Oprl1	OPIOID
Pomc	LRinteraction	Oprm1	OPIOID
Hcrt	LRinteraction	Hcrtr1	HCRT
Hcrt	LRinteraction	Hcrtr2	HCRT
Oxt	LRinteraction	Oxtr	OXT
Sst	LRinteraction	Sstr1	SOMATOSTATIN
Sst	LRinteraction	Sstr2	SOMATOSTATIN
Sst	LRinteraction	Sstr3	SOMATOSTATIN
Sst	LRinteraction	Sstr4	SOMATOSTATIN
Sst	LRinteraction	Sstr5	SOMATOSTATIN
Cort	LRinteraction	Sstr1	SOMATOSTATIN
Cort	LRinteraction	Sstr2	SOMATOSTATIN
Cort	LRinteraction	Sstr3	SOMATOSTATIN
Cort	LRinteraction	Sstr4	SOMATOSTATIN
Cort	LRinteraction	Sstr5	SOMATOSTATIN
Tac1	LRinteraction	Tacr1	TAC
Tac4	LRinteraction	Tacr1	TAC
Tac1	LRinteraction	Tacr2	TAC
Tac2	LRinteraction	Tacr3	TAC
Uts2	LRinteraction	Uts2r	UTS2
Avp	LRinteraction	Avpr2	AVP
Avp	LRinteraction	Avpr1a	AVP
Avp	LRinteraction	Avpr1b	AVP
Prlh	LRinteraction	Prlhr	PRLH
Gm10334	LRinteraction	F2r	PARs
Try5	LRinteraction	F2r	PARs
Ctsg	LRinteraction	F2r	PARs
F2	LRinteraction	F2r	PARs
Gzma	LRinteraction	F2r	PARs
Prss2	LRinteraction	F2r	PARs
Try4	LRinteraction	F2r	PARs
Try10	LRinteraction	F2r	PARs
Gm10334	LRinteraction	F2rl1	PARs
Try5	LRinteraction	F2rl1	PARs
Ctsg	LRinteraction	F2rl1	PARs
F2	LRinteraction	F2rl1	PARs
Gzma	LRinteraction	F2rl1	PARs
Prss2	LRinteraction	F2rl1	PARs
Try4	LRinteraction	F2rl1	PARs
Try10	LRinteraction	F2rl1	PARs
Gm10334	LRinteraction	F2rl2	PARs
Try5	LRinteraction	F2rl2	PARs
Ctsg	LRinteraction	F2rl2	PARs
F2	LRinteraction	F2rl2	PARs
Gzma	LRinteraction	F2rl2	PARs
Prss2	LRinteraction	F2rl2	PARs
Try4	LRinteraction	F2rl2	PARs
Try10	LRinteraction	F2rl2	PARs
Gm10334	LRinteraction	F2rl3	PARs
Try5	LRinteraction	F2rl3	PARs
Ctsg	LRinteraction	F2rl3	PARs
F2	LRinteraction	F2rl3	PARs
Gzma	LRinteraction	F2rl3	PARs
Plg	LRinteraction	F2rl3	PARs
Prss2	LRinteraction	F2rl3	PARs
Try4	LRinteraction	F2rl3	PARs
Try10	LRinteraction	F2rl3	PARs
Gm10334	LRinteraction	Pard3	PARs
Try5	LRinteraction	Pard3	PARs
Ctsg	LRinteraction	Pard3	PARs
F2	LRinteraction	Pard3	PARs
Gzma	LRinteraction	Pard3	PARs
Plg	LRinteraction	Pard3	PARs
Prss2	LRinteraction	Pard3	PARs
Try4	LRinteraction	Pard3	PARs
Try10	LRinteraction	Pard3	PARs
Pmch	LRinteraction	Mchr1	PMCH
Prok1	LRinteraction	Prokr2	PROK
Prok1	LRinteraction	Prokr1	PROK
Prok2	LRinteraction	Prokr1	PROK
Prok2	LRinteraction	Prokr2	PROK
Adcyap1	LRinteraction	Adcyap1r1	PACAP
Vip	LRinteraction	Vipr1	VIP
Vip	LRinteraction	Vipr2	VIP
Nppa	LRinteraction	Npr1	NPR1
Nppb	LRinteraction	Npr1	NPR1
Nppc	LRinteraction	Npr2	NPR2
Kitl	LRinteraction	Kit	KIT
Gcg	LRinteraction	Gipr	GIPR
Gip	LRinteraction	Gipr	GIPR
Fshb	LRinteraction	Fshr	FSH
Cga	LRinteraction	Fshr	FSH
Lhb	LRinteraction	Lhcgr	LHB
Cga	LRinteraction	Lhcgr	LHB
Tshb	LRinteraction	Tshr	TSH
Cga	LRinteraction	Tshr	TSH
Bdnf	LRinteraction	Ntrk2	NT
Ngf	LRinteraction	Ntrk1	NT
Flt3l	LRinteraction	Flt3	FLT3
Hgf	LRinteraction	Met	HGF
Ngfa	LRinteraction	Ntrk1	NT
Ntf3	LRinteraction	Ntrk1	NT
Ntf3	LRinteraction	Ntrk2	NT
Ntf3	LRinteraction	Ntrk3	NT
Ntf5	LRinteraction	Ntrk2	NT
Sema3a	LRinteraction	Nrp1	SEMA3
Sema3a	LRinteraction	Plxna1	SEMA3
Sema3a	LRinteraction	Plxna2	SEMA3
Sema3a	LRinteraction	Plxna3	SEMA3
Sema3a	LRinteraction	Plxna4	SEMA3
Sema3b	LRinteraction	Nrp1	SEMA3
Sema3b	LRinteraction	Plxna1	SEMA3
Sema3b	LRinteraction	Plxna2	SEMA3
Sema3b	LRinteraction	Plxna3	SEMA3
Sema3b	LRinteraction	Plxna4	SEMA3
Sema3c	LRinteraction	Nrp1	SEMA3
Sema3c	LRinteraction	Plxna1	SEMA3
Sema3c	LRinteraction	Plxna2	SEMA3
Sema3c	LRinteraction	Plxna3	SEMA3
Sema3c	LRinteraction	Plxna4	SEMA3
Sema3d	LRinteraction	Nrp1	SEMA3
Sema3d	LRinteraction	Plxna1	SEMA3
Sema3d	LRinteraction	Plxna2	SEMA3
Sema3d	LRinteraction	Plxna3	SEMA3
Sema3d	LRinteraction	Plxna4	SEMA3
Sema3b	LRinteraction	Nrp2	SEMA3
Sema3c	LRinteraction	Nrp2	SEMA3
Sema3d	LRinteraction	Nrp2	SEMA3
Sema3f	LRinteraction	Nrp2	SEMA3
Sema3f	LRinteraction	Plxna1	SEMA3
Sema3f	LRinteraction	Plxna2	SEMA3
Sema3f	LRinteraction	Plxna3	SEMA3
Sema3f	LRinteraction	Plxna4	SEMA3
Sema3g	LRinteraction	Nrp2	SEMA3
Sema3g	LRinteraction	Plxna1	SEMA3
Sema3g	LRinteraction	Plxna2	SEMA3
Sema3g	LRinteraction	Plxna3	SEMA3
Sema3g	LRinteraction	Plxna4	SEMA3
Sema3c	LRinteraction	Plxnd1	SEMA3
Sema3e	LRinteraction	Plxnd1	SEMA3
Adm	LRinteraction	Calcr	CALCR
Adm	LRinteraction	Calcrl	CALCR
Agt	LRinteraction	Mas1	AGT
Anxa1	LRinteraction	Fpr2	ANNEXIN
Anxa1	LRinteraction	Fpr1	ANNEXIN
Apela	LRinteraction	Aplnr	APJ
Calca	LRinteraction	Calcr	CALCR
Calca	LRinteraction	Calcrl	CALCR
Calcb	LRinteraction	Calcr	CALCR
Calcb	LRinteraction	Calcrl	CALCR
Crh	LRinteraction	Crhr1	CRH
Crh	LRinteraction	Crhr2	CRH
Enho	LRinteraction	Gpr19	ENHO
Gas6	LRinteraction	Axl	GAS
Gas6	LRinteraction	Mertk	GAS
Gas6	LRinteraction	Tyro3	GAS
Gcg	LRinteraction	Gcgr	GCG
Gcg	LRinteraction	Glp1r	GCG
Gcg	LRinteraction	Glp2r	GCG
Gh	LRinteraction	Ghr	GH
Gh	LRinteraction	Prlr	GH
Ghrh	LRinteraction	Vipr1	GHRH
Ghrh	LRinteraction	Vipr2	GHRH
Ghrh	LRinteraction	Ghsr	GHRH
Ghrh	LRinteraction	Ghrhr	GHRH
Gnrh1	LRinteraction	Gnrhr	GNRH
Grn	LRinteraction	Sort1	GRN
Guca2a	LRinteraction	Gucy2c	GUCA
Guca2b	LRinteraction	Gucy2c	GUCA
Iapp	LRinteraction	Calcr	CALCR
Iapp	LRinteraction	Calcrl	CALCR
Insl3	LRinteraction	Rxfp2	RLN
Insl3	LRinteraction	Rxfp1	RLN
Insl3	LRinteraction	Rxfp4	RLN
Insl3	LRinteraction	Rxfp3	RLN
Insl5	LRinteraction	Rxfp4	RLN
Insl5	LRinteraction	Rxfp3	RLN
Insl5	LRinteraction	Rxfp2	RLN
Insl5	LRinteraction	Rxfp1	RLN
Lep	LRinteraction	Lepr	LEP
Lgals9	LRinteraction	Cd45	GALECTIN
Lgals9	LRinteraction	Ighm	GALECTIN
Nps	LRinteraction	Npsr1	NPS
Npvf	LRinteraction	Npffr1	NPVF
Npvf	LRinteraction	Npffr2	NPVF
Ostn	LRinteraction	Npr3	OSTN
Pmch	LRinteraction	Mertk	PMCH
Pros1	LRinteraction	Axl	PROS
Pros1	LRinteraction	Tyro3	PROS
Psap	LRinteraction	Gpr37l1	PSAP
Psap	LRinteraction	Gpr37	PSAP
Pth	LRinteraction	Pth1r	PTH
Pth	LRinteraction	Pth2r	PTH
Pth2	LRinteraction	Pth1r	PTH
Pth2	LRinteraction	Pth2r	PTH
Pthlh	LRinteraction	Pth1r	PTH
Qrfp	LRinteraction	Qrfpr	QRFP
Rarres2	LRinteraction	Gpr1	CHEMERIN
Rarres2	LRinteraction	Cmklr1	CHEMERIN
Rln1	LRinteraction	Rxfp2	RLN
Rln1	LRinteraction	Rxfp1	RLN
Rln1	LRinteraction	Rxfp3	RLN
Rln1	LRinteraction	Rxfp4	RLN
Rln3	LRinteraction	Rxfp3	RLN
Rln3	LRinteraction	Rxfp1	RLN
Rln3	LRinteraction	Rxfp4	RLN
Rln3	LRinteraction	Rxfp2	RLN
Saa2	LRinteraction	Fpr2	SAA
Scgb3a2	LRinteraction	Marco	UGRP1
Sct	LRinteraction	Sctr	SCT
Slurp1	LRinteraction	Chrnb1	SLURP
Slurp1	LRinteraction	Chrnb2	SLURP
Slurp1	LRinteraction	Chrnb3	SLURP
Slurp1	LRinteraction	Chrnb4	SLURP
Slurp1	LRinteraction	Chrna1	SLURP
Slurp1	LRinteraction	Chrna2	SLURP
Slurp1	LRinteraction	Chrna3	SLURP
Slurp1	LRinteraction	Chrna4	SLURP
Slurp1	LRinteraction	Chrna5	SLURP
Slurp1	LRinteraction	Chrna6	SLURP
Slurp1	LRinteraction	Chrna9	SLURP
Slurp1	LRinteraction	Chrna10	SLURP
Slurp1	LRinteraction	Chrnd	SLURP
Slurp1	LRinteraction	Chrne	SLURP
Slurp1	LRinteraction	Chrng	SLURP
Slurp1	LRinteraction	Chrna7	SLURP
Slurp2	LRinteraction	Chrnb1	SLURP
Slurp2	LRinteraction	Chrnb2	SLURP
Slurp2	LRinteraction	Chrnb3	SLURP
Slurp2	LRinteraction	Chrnb4	SLURP
Slurp2	LRinteraction	Chrna1	SLURP
Slurp2	LRinteraction	Chrna2	SLURP
Slurp2	LRinteraction	Chrna3	SLURP
Slurp2	LRinteraction	Chrna4	SLURP
Slurp2	LRinteraction	Chrna5	SLURP
Slurp2	LRinteraction	Chrna6	SLURP
Slurp2	LRinteraction	Chrna7	SLURP
Slurp2	LRinteraction	Chrna9	SLURP
Slurp2	LRinteraction	Chrna10	SLURP
Slurp2	LRinteraction	Chrnd	SLURP
Slurp2	LRinteraction	Chrne	SLURP
Slurp2	LRinteraction	Chrng	SLURP
Btla	LRinteraction	Tnfrsf14	BTLA
Trh	LRinteraction	Trhr	TRH
Trh	LRinteraction	Trhr2	TRH
Ucn	LRinteraction	Crhr1	UCN
Ucn	LRinteraction	Crhr2	UCN
Ucn2	LRinteraction	Crhr1	UCN
Ucn2	LRinteraction	Crhr2	UCN
Ucn3	LRinteraction	Crhr1	UCN
Ucn3	LRinteraction	Crhr2	UCN
Uts2b	LRinteraction	Uts2r	UROTENSIN
Uts2b	LRinteraction	Sstr5	UROTENSIN
Bag6	LRinteraction	Ncr3-ps	BAG
Lgals9	LRinteraction	Havcr2	GALECTIN
Lgals9	LRinteraction	Cd44	GALECTIN
Col1a1	LRinteraction	Itga1	COLLAGEN
Col1a1	LRinteraction	Itgb1	COLLAGEN
Col1a2	LRinteraction	Itga1	COLLAGEN
Col1a2	LRinteraction	Itgb1	COLLAGEN
Col2a1	LRinteraction	Itga1	COLLAGEN
Col2a1	LRinteraction	Itgb1	COLLAGEN
Col4a1	LRinteraction	Itga1	COLLAGEN
Col4a1	LRinteraction	Itgb1	COLLAGEN
Col4a2	LRinteraction	Itga1	COLLAGEN
Col4a2	LRinteraction	Itgb1	COLLAGEN
Col4a3	LRinteraction	Itga1	COLLAGEN
Col4a3	LRinteraction	Itgb1	COLLAGEN
Col4a4	LRinteraction	Itga1	COLLAGEN
Col4a4	LRinteraction	Itgb1	COLLAGEN
Col4a5	LRinteraction	Itga1	COLLAGEN
Col4a5	LRinteraction	Itgb1	COLLAGEN
Col4a6	LRinteraction	Itga1	COLLAGEN
Col4a6	LRinteraction	Itgb1	COLLAGEN
Col6a1	LRinteraction	Itga1	COLLAGEN
Col6a1	LRinteraction	Itgb1	COLLAGEN
Col6a2	LRinteraction	Itga1	COLLAGEN
Col6a2	LRinteraction	Itgb1	COLLAGEN
Col6a3	LRinteraction	Itga1	COLLAGEN
Col6a3	LRinteraction	Itgb1	COLLAGEN
Col6a4	LRinteraction	Itga1	COLLAGEN
Col6a4	LRinteraction	Itgb1	COLLAGEN
Col6a5	LRinteraction	Itga1	COLLAGEN
Col6a5	LRinteraction	Itgb1	COLLAGEN
Col6a6	LRinteraction	Itga1	COLLAGEN
Col6a6	LRinteraction	Itgb1	COLLAGEN
Col9a1	LRinteraction	Itga1	COLLAGEN
Col9a1	LRinteraction	Itgb1	COLLAGEN
Col9a2	LRinteraction	Itga1	COLLAGEN
Col9a2	LRinteraction	Itgb1	COLLAGEN
Col9a3	LRinteraction	Itga1	COLLAGEN
Col9a3	LRinteraction	Itgb1	COLLAGEN
Col1a1	LRinteraction	Itga2	COLLAGEN
Col1a2	LRinteraction	Itga2	COLLAGEN
Col2a1	LRinteraction	Itga2	COLLAGEN
Col4a1	LRinteraction	Itga2	COLLAGEN
Col4a2	LRinteraction	Itga2	COLLAGEN
Col4a3	LRinteraction	Itga2	COLLAGEN
Col4a4	LRinteraction	Itga2	COLLAGEN
Col4a5	LRinteraction	Itga2	COLLAGEN
Col4a6	LRinteraction	Itga2	COLLAGEN
Col6a1	LRinteraction	Itga2	COLLAGEN
Col6a2	LRinteraction	Itga2	COLLAGEN
Col6a3	LRinteraction	Itga2	COLLAGEN
Col6a4	LRinteraction	Itga2	COLLAGEN
Col6a5	LRinteraction	Itga2	COLLAGEN
Col6a6	LRinteraction	Itga2	COLLAGEN
Col9a1	LRinteraction	Itga2	COLLAGEN
Col9a2	LRinteraction	Itga2	COLLAGEN
Col9a3	LRinteraction	Itga2	COLLAGEN
Fn1	LRinteraction	Itga3	FN1
Fn1	LRinteraction	Itgb1	FN1
Fn1	LRinteraction	Itga4	FN1
Fn1	LRinteraction	Itga5	FN1
Fn1	LRinteraction	Itga8	FN1
Lama1	LRinteraction	Itga1	LAMININ
Lama1	LRinteraction	Itgb1	LAMININ
Lama2	LRinteraction	Itga1	LAMININ
Lama2	LRinteraction	Itgb1	LAMININ
Lama3	LRinteraction	Itga1	LAMININ
Lama3	LRinteraction	Itgb1	LAMININ
Lama4	LRinteraction	Itga1	LAMININ
Lama4	LRinteraction	Itgb1	LAMININ
Lama5	LRinteraction	Itga1	LAMININ
Lama5	LRinteraction	Itgb1	LAMININ
Lamb1	LRinteraction	Itga1	LAMININ
Lamb1	LRinteraction	Itgb1	LAMININ
Lamb2	LRinteraction	Itga1	LAMININ
Lamb2	LRinteraction	Itgb1	LAMININ
Lamb3	LRinteraction	Itga1	LAMININ
Lamb3	LRinteraction	Itgb1	LAMININ
Lamc1	LRinteraction	Itga1	LAMININ
Lamc1	LRinteraction	Itgb1	LAMININ
Lamc2	LRinteraction	Itga1	LAMININ
Lamc2	LRinteraction	Itgb1	LAMININ
Lamc3	LRinteraction	Itga1	LAMININ
Lamc3	LRinteraction	Itgb1	LAMININ
Lama1	LRinteraction	Itga2	LAMININ
Lama2	LRinteraction	Itga2	LAMININ
Lama3	LRinteraction	Itga2	LAMININ
Lama4	LRinteraction	Itga2	LAMININ
Lama5	LRinteraction	Itga2	LAMININ
Lamb1	LRinteraction	Itga2	LAMININ
Lamb2	LRinteraction	Itga2	LAMININ
Lamb3	LRinteraction	Itga2	LAMININ
Lamc1	LRinteraction	Itga2	LAMININ
Lamc2	LRinteraction	Itga2	LAMININ
Lamc3	LRinteraction	Itga2	LAMININ
Chad	LRinteraction	Itga2	CHAD
Chad	LRinteraction	Itgb1	CHAD
Lama1	LRinteraction	Itga3	LAMININ
Lama2	LRinteraction	Itga3	LAMININ
Lama3	LRinteraction	Itga3	LAMININ
Lama4	LRinteraction	Itga3	LAMININ
Lama5	LRinteraction	Itga3	LAMININ
Lamb1	LRinteraction	Itga3	LAMININ
Lamb2	LRinteraction	Itga3	LAMININ
Lamb3	LRinteraction	Itga3	LAMININ
Lamc1	LRinteraction	Itga3	LAMININ
Lamc2	LRinteraction	Itga3	LAMININ
Lamc3	LRinteraction	Itga3	LAMININ
Reln	LRinteraction	Itga3	RELN
Reln	LRinteraction	Itgb1	RELN
Thbs1	LRinteraction	Itga3	THBS
Thbs1	LRinteraction	Itgb1	THBS
Thbs2	LRinteraction	Itga3	THBS
Thbs2	LRinteraction	Itgb1	THBS
Thbs3	LRinteraction	Itga3	THBS
Thbs3	LRinteraction	Itgb1	THBS
Thbs4	LRinteraction	Itga3	THBS
Thbs4	LRinteraction	Itgb1	THBS
Comp	LRinteraction	Itga3	THBS
Comp	LRinteraction	Itgb1	THBS
Col1a1	LRinteraction	Itga3	COLLAGEN
Col1a2	LRinteraction	Itga3	COLLAGEN
Col2a1	LRinteraction	Itga3	COLLAGEN
Col4a1	LRinteraction	Itga3	COLLAGEN
Col4a2	LRinteraction	Itga3	COLLAGEN
Col4a3	LRinteraction	Itga3	COLLAGEN
Col4a4	LRinteraction	Itga3	COLLAGEN
Col4a5	LRinteraction	Itga3	COLLAGEN
Col4a6	LRinteraction	Itga3	COLLAGEN
Col6a1	LRinteraction	Itga3	COLLAGEN
Col6a2	LRinteraction	Itga3	COLLAGEN
Col6a3	LRinteraction	Itga3	COLLAGEN
Col6a4	LRinteraction	Itga3	COLLAGEN
Col6a5	LRinteraction	Itga3	COLLAGEN
Col6a6	LRinteraction	Itga3	COLLAGEN
Col9a1	LRinteraction	Itga3	COLLAGEN
Col9a2	LRinteraction	Itga3	COLLAGEN
Col9a3	LRinteraction	Itga3	COLLAGEN
Lama1	LRinteraction	Itga6	LAMININ
Lama2	LRinteraction	Itga6	LAMININ
Lama3	LRinteraction	Itga6	LAMININ
Lama4	LRinteraction	Itga6	LAMININ
Lama5	LRinteraction	Itga6	LAMININ
Lamb1	LRinteraction	Itga6	LAMININ
Lamb2	LRinteraction	Itga6	LAMININ
Lamb3	LRinteraction	Itga6	LAMININ
Lamc1	LRinteraction	Itga6	LAMININ
Lamc2	LRinteraction	Itga6	LAMININ
Lamc3	LRinteraction	Itga6	LAMININ
Lama1	LRinteraction	Itga7	LAMININ
Lama2	LRinteraction	Itga7	LAMININ
Lama3	LRinteraction	Itga7	LAMININ
Lama4	LRinteraction	Itga7	LAMININ
Lama5	LRinteraction	Itga7	LAMININ
Lamb1	LRinteraction	Itga7	LAMININ
Lamb2	LRinteraction	Itga7	LAMININ
Lamb3	LRinteraction	Itga7	LAMININ
Lamc1	LRinteraction	Itga7	LAMININ
Lamc2	LRinteraction	Itga7	LAMININ
Lamc3	LRinteraction	Itga7	LAMININ
Vtn	LRinteraction	Itga8	VTN
Vtn	LRinteraction	Itgb1	VTN
Tnc	LRinteraction	Itga8	TENASCIN
Tnc	LRinteraction	Itgb1	TENASCIN
Tnr	LRinteraction	Itga8	TENASCIN
Tnr	LRinteraction	Itgb1	TENASCIN
Tnn	LRinteraction	Itga8	TENASCIN
Tnn	LRinteraction	Itgb1	TENASCIN
Tnxb	LRinteraction	Itga8	TENASCIN
Tnxb	LRinteraction	Itgb1	TENASCIN
Npnt1	LRinteraction	Itga8	NPNT
Npnt1	LRinteraction	Itgb1	NPNT
Npnt2	LRinteraction	Itga8	NPNT
Npnt2	LRinteraction	Itgb1	NPNT
Tnc	LRinteraction	Itga9	TENASCIN
Tnr	LRinteraction	Itga9	TENASCIN
Tnn	LRinteraction	Itga9	TENASCIN
Tnxb	LRinteraction	Itga9	TENASCIN
Col1a1	LRinteraction	Itga9	COLLAGEN
Col1a2	LRinteraction	Itga9	COLLAGEN
Col2a1	LRinteraction	Itga9	COLLAGEN
Col4a1	LRinteraction	Itga9	COLLAGEN
Col4a2	LRinteraction	Itga9	COLLAGEN
Col4a3	LRinteraction	Itga9	COLLAGEN
Col4a4	LRinteraction	Itga9	COLLAGEN
Col4a5	LRinteraction	Itga9	COLLAGEN
Col4a6	LRinteraction	Itga9	COLLAGEN
Col6a1	LRinteraction	Itga9	COLLAGEN
Col6a2	LRinteraction	Itga9	COLLAGEN
Col6a3	LRinteraction	Itga9	COLLAGEN
Col6a4	LRinteraction	Itga9	COLLAGEN
Col6a5	LRinteraction	Itga9	COLLAGEN
Col6a6	LRinteraction	Itga9	COLLAGEN
Col9a1	LRinteraction	Itga9	COLLAGEN
Col9a2	LRinteraction	Itga9	COLLAGEN
Col9a3	LRinteraction	Itga9	COLLAGEN
Lama1	LRinteraction	Itga9	LAMININ
Lama2	LRinteraction	Itga9	LAMININ
Lama3	LRinteraction	Itga9	LAMININ
Lama4	LRinteraction	Itga9	LAMININ
Lama5	LRinteraction	Itga9	LAMININ
Lamb1	LRinteraction	Itga9	LAMININ
Lamb2	LRinteraction	Itga9	LAMININ
Lamb3	LRinteraction	Itga9	LAMININ
Lamc1	LRinteraction	Itga9	LAMININ
Lamc2	LRinteraction	Itga9	LAMININ
Lamc3	LRinteraction	Itga9	LAMININ
Col1a1	LRinteraction	Itga10	COLLAGEN
Col1a2	LRinteraction	Itga10	COLLAGEN
Col2a1	LRinteraction	Itga10	COLLAGEN
Col4a1	LRinteraction	Itga10	COLLAGEN
Col4a2	LRinteraction	Itga10	COLLAGEN
Col4a3	LRinteraction	Itga10	COLLAGEN
Col4a4	LRinteraction	Itga10	COLLAGEN
Col4a5	LRinteraction	Itga10	COLLAGEN
Col4a6	LRinteraction	Itga10	COLLAGEN
Col6a1	LRinteraction	Itga10	COLLAGEN
Col6a2	LRinteraction	Itga10	COLLAGEN
Col6a3	LRinteraction	Itga10	COLLAGEN
Col6a4	LRinteraction	Itga10	COLLAGEN
Col6a5	LRinteraction	Itga10	COLLAGEN
Col6a6	LRinteraction	Itga10	COLLAGEN
Col9a1	LRinteraction	Itga10	COLLAGEN
Col9a2	LRinteraction	Itga10	COLLAGEN
Col9a3	LRinteraction	Itga10	COLLAGEN
Col1a1	LRinteraction	Itga11	COLLAGEN
Col1a2	LRinteraction	Itga11	COLLAGEN
Col2a1	LRinteraction	Itga11	COLLAGEN
Col4a1	LRinteraction	Itga11	COLLAGEN
Col4a2	LRinteraction	Itga11	COLLAGEN
Col4a3	LRinteraction	Itga11	COLLAGEN
Col4a4	LRinteraction	Itga11	COLLAGEN
Col4a5	LRinteraction	Itga11	COLLAGEN
Col4a6	LRinteraction	Itga11	COLLAGEN
Col6a1	LRinteraction	Itga11	COLLAGEN
Col6a2	LRinteraction	Itga11	COLLAGEN
Col6a3	LRinteraction	Itga11	COLLAGEN
Col6a4	LRinteraction	Itga11	COLLAGEN
Col6a5	LRinteraction	Itga11	COLLAGEN
Col6a6	LRinteraction	Itga11	COLLAGEN
Col9a1	LRinteraction	Itga11	COLLAGEN
Col9a2	LRinteraction	Itga11	COLLAGEN
Col9a3	LRinteraction	Itga11	COLLAGEN
Fn1	LRinteraction	Itgav	FN1
Vtn	LRinteraction	Itgav	VTN
Dspp	LRinteraction	Itgav	DSPP
Dspp	LRinteraction	Itgb1	DSPP
Fn1	LRinteraction	Itgb7	FN1
Fn1	LRinteraction	Itgb3	FN1
Vtn	LRinteraction	Itgb3	VTN
Vwf	LRinteraction	Itgav	VWF
Vwf	LRinteraction	Itgb3	VWF
Tnc	LRinteraction	Itgav	TENASCIN
Tnc	LRinteraction	Itgb3	TENASCIN
Tnr	LRinteraction	Itgav	TENASCIN
Tnr	LRinteraction	Itgb3	TENASCIN
Tnn	LRinteraction	Itgav	TENASCIN
Tnn	LRinteraction	Itgb3	TENASCIN
Tnxb	LRinteraction	Itgav	TENASCIN
Tnxb	LRinteraction	Itgb3	TENASCIN
Ibsp	LRinteraction	Itgav	BSP
Ibsp	LRinteraction	Itgb3	BSP
Thbs1	LRinteraction	Itgav	THBS
Thbs1	LRinteraction	Itgb3	THBS
Thbs2	LRinteraction	Itgav	THBS
Thbs2	LRinteraction	Itgb3	THBS
Thbs3	LRinteraction	Itgav	THBS
Thbs3	LRinteraction	Itgb3	THBS
Thbs4	LRinteraction	Itgav	THBS
Thbs4	LRinteraction	Itgb3	THBS
Comp	LRinteraction	Itgav	THBS
Comp	LRinteraction	Itgb3	THBS
Dmp1	LRinteraction	Itgav	DMP1
Dmp1	LRinteraction	Itgb3	DMP1
Fn1	LRinteraction	Itga2b	FN1
Vtn	LRinteraction	Itga2b	VTN
Vwf	LRinteraction	Itga2b	VWF
Tnc	LRinteraction	Itga2b	TENASCIN
Tnr	LRinteraction	Itga2b	TENASCIN
Tnn	LRinteraction	Itga2b	TENASCIN
Tnxb	LRinteraction	Itga2b	TENASCIN
Vtn	LRinteraction	Itgb5	VTN
Ibsp	LRinteraction	Itgb5	BSP
Tnc	LRinteraction	Itgb6	TENASCIN
Tnr	LRinteraction	Itgb6	TENASCIN
Tnn	LRinteraction	Itgb6	TENASCIN
Tnxb	LRinteraction	Itgb6	TENASCIN
Fn1	LRinteraction	Itgb6	FN1
Dspp	LRinteraction	Itgb6	DSPP
Vtn	LRinteraction	Itgb8	VTN
Fn1	LRinteraction	Itgb8	FN1
Lama1	LRinteraction	Itgav	LAMININ
Lama1	LRinteraction	Itgb8	LAMININ
Lama2	LRinteraction	Itgav	LAMININ
Lama2	LRinteraction	Itgb8	LAMININ
Lama3	LRinteraction	Itgav	LAMININ
Lama3	LRinteraction	Itgb8	LAMININ
Lama4	LRinteraction	Itgav	LAMININ
Lama4	LRinteraction	Itgb8	LAMININ
Lama5	LRinteraction	Itgav	LAMININ
Lama5	LRinteraction	Itgb8	LAMININ
Lamb1	LRinteraction	Itgav	LAMININ
Lamb1	LRinteraction	Itgb8	LAMININ
Lamb2	LRinteraction	Itgav	LAMININ
Lamb2	LRinteraction	Itgb8	LAMININ
Lamb3	LRinteraction	Itgav	LAMININ
Lamb3	LRinteraction	Itgb8	LAMININ
Lamc1	LRinteraction	Itgav	LAMININ
Lamc1	LRinteraction	Itgb8	LAMININ
Lamc2	LRinteraction	Itgav	LAMININ
Lamc2	LRinteraction	Itgb8	LAMININ
Lamc3	LRinteraction	Itgav	LAMININ
Lamc3	LRinteraction	Itgb8	LAMININ
Col1a1	LRinteraction	Itgav	COLLAGEN
Col1a1	LRinteraction	Itgb8	COLLAGEN
Col1a2	LRinteraction	Itgav	COLLAGEN
Col1a2	LRinteraction	Itgb8	COLLAGEN
Col2a1	LRinteraction	Itgav	COLLAGEN
Col2a1	LRinteraction	Itgb8	COLLAGEN
Col4a1	LRinteraction	Itgav	COLLAGEN
Col4a1	LRinteraction	Itgb8	COLLAGEN
Col4a2	LRinteraction	Itgav	COLLAGEN
Col4a2	LRinteraction	Itgb8	COLLAGEN
Col4a3	LRinteraction	Itgav	COLLAGEN
Col4a3	LRinteraction	Itgb8	COLLAGEN
Col4a4	LRinteraction	Itgav	COLLAGEN
Col4a4	LRinteraction	Itgb8	COLLAGEN
Col4a5	LRinteraction	Itgav	COLLAGEN
Col4a5	LRinteraction	Itgb8	COLLAGEN
Col4a6	LRinteraction	Itgav	COLLAGEN
Col4a6	LRinteraction	Itgb8	COLLAGEN
Col6a1	LRinteraction	Itgav	COLLAGEN
Col6a1	LRinteraction	Itgb8	COLLAGEN
Col6a2	LRinteraction	Itgav	COLLAGEN
Col6a2	LRinteraction	Itgb8	COLLAGEN
Col6a3	LRinteraction	Itgav	COLLAGEN
Col6a3	LRinteraction	Itgb8	COLLAGEN
Col6a4	LRinteraction	Itgav	COLLAGEN
Col6a4	LRinteraction	Itgb8	COLLAGEN
Col6a5	LRinteraction	Itgav	COLLAGEN
Col6a5	LRinteraction	Itgb8	COLLAGEN
Col6a6	LRinteraction	Itgav	COLLAGEN
Col6a6	LRinteraction	Itgb8	COLLAGEN
Col9a1	LRinteraction	Itgav	COLLAGEN
Col9a1	LRinteraction	Itgb8	COLLAGEN
Col9a2	LRinteraction	Itgav	COLLAGEN
Col9a2	LRinteraction	Itgb8	COLLAGEN
Col9a3	LRinteraction	Itgav	COLLAGEN
Col9a3	LRinteraction	Itgb8	COLLAGEN
Lama1	LRinteraction	Itgb4	LAMININ
Lama2	LRinteraction	Itgb4	LAMININ
Lama3	LRinteraction	Itgb4	LAMININ
Lama4	LRinteraction	Itgb4	LAMININ
Lama5	LRinteraction	Itgb4	LAMININ
Lamb1	LRinteraction	Itgb4	LAMININ
Lamb2	LRinteraction	Itgb4	LAMININ
Lamb3	LRinteraction	Itgb4	LAMININ
Lamc1	LRinteraction	Itgb4	LAMININ
Lamc2	LRinteraction	Itgb4	LAMININ
Lamc3	LRinteraction	Itgb4	LAMININ
Fn1	LRinteraction	Cd44	FN1
Col1a1	LRinteraction	Cd44	COLLAGEN
Col1a2	LRinteraction	Cd44	COLLAGEN
Col2a1	LRinteraction	Cd44	COLLAGEN
Col4a1	LRinteraction	Cd44	COLLAGEN
Col4a2	LRinteraction	Cd44	COLLAGEN
Col4a3	LRinteraction	Cd44	COLLAGEN
Col4a4	LRinteraction	Cd44	COLLAGEN
Col4a5	LRinteraction	Cd44	COLLAGEN
Col4a6	LRinteraction	Cd44	COLLAGEN
Col6a1	LRinteraction	Cd44	COLLAGEN
Col6a2	LRinteraction	Cd44	COLLAGEN
Col6a3	LRinteraction	Cd44	COLLAGEN
Col6a4	LRinteraction	Cd44	COLLAGEN
Col6a5	LRinteraction	Cd44	COLLAGEN
Col6a6	LRinteraction	Cd44	COLLAGEN
Col9a1	LRinteraction	Cd44	COLLAGEN
Col9a2	LRinteraction	Cd44	COLLAGEN
Col9a3	LRinteraction	Cd44	COLLAGEN
Lama1	LRinteraction	Cd44	LAMININ
Lama2	LRinteraction	Cd44	LAMININ
Lama3	LRinteraction	Cd44	LAMININ
Lama4	LRinteraction	Cd44	LAMININ
Lama5	LRinteraction	Cd44	LAMININ
Lamb1	LRinteraction	Cd44	LAMININ
Lamb2	LRinteraction	Cd44	LAMININ
Lamb3	LRinteraction	Cd44	LAMININ
Lamc1	LRinteraction	Cd44	LAMININ
Lamc2	LRinteraction	Cd44	LAMININ
Lamc3	LRinteraction	Cd44	LAMININ
Col1a1	LRinteraction	Sdc1	COLLAGEN
Col1a2	LRinteraction	Sdc1	COLLAGEN
Col2a1	LRinteraction	Sdc1	COLLAGEN
Col4a1	LRinteraction	Sdc1	COLLAGEN
Col4a2	LRinteraction	Sdc1	COLLAGEN
Col4a3	LRinteraction	Sdc1	COLLAGEN
Col4a4	LRinteraction	Sdc1	COLLAGEN
Col4a5	LRinteraction	Sdc1	COLLAGEN
Col4a6	LRinteraction	Sdc1	COLLAGEN
Col6a1	LRinteraction	Sdc1	COLLAGEN
Col6a2	LRinteraction	Sdc1	COLLAGEN
Col6a3	LRinteraction	Sdc1	COLLAGEN
Col6a4	LRinteraction	Sdc1	COLLAGEN
Col6a5	LRinteraction	Sdc1	COLLAGEN
Col6a6	LRinteraction	Sdc1	COLLAGEN
Col9a1	LRinteraction	Sdc1	COLLAGEN
Col9a2	LRinteraction	Sdc1	COLLAGEN
Col9a3	LRinteraction	Sdc1	COLLAGEN
Fn1	LRinteraction	Sdc1	FN1
Tnc	LRinteraction	Sdc1	TENASCIN
Tnr	LRinteraction	Sdc1	TENASCIN
Tnn	LRinteraction	Sdc1	TENASCIN
Tnxb	LRinteraction	Sdc1	TENASCIN
Thbs1	LRinteraction	Sdc1	THBS
Thbs2	LRinteraction	Sdc1	THBS
Thbs3	LRinteraction	Sdc1	THBS
Thbs4	LRinteraction	Sdc1	THBS
Comp	LRinteraction	Sdc1	THBS
Col1a1	LRinteraction	Sdc4	COLLAGEN
Col1a2	LRinteraction	Sdc4	COLLAGEN
Col2a1	LRinteraction	Sdc4	COLLAGEN
Col4a1	LRinteraction	Sdc4	COLLAGEN
Col4a2	LRinteraction	Sdc4	COLLAGEN
Col4a3	LRinteraction	Sdc4	COLLAGEN
Col4a4	LRinteraction	Sdc4	COLLAGEN
Col4a5	LRinteraction	Sdc4	COLLAGEN
Col4a6	LRinteraction	Sdc4	COLLAGEN
Col6a1	LRinteraction	Sdc4	COLLAGEN
Col6a2	LRinteraction	Sdc4	COLLAGEN
Col6a3	LRinteraction	Sdc4	COLLAGEN
Col6a4	LRinteraction	Sdc4	COLLAGEN
Col6a5	LRinteraction	Sdc4	COLLAGEN
Col6a6	LRinteraction	Sdc4	COLLAGEN
Col9a1	LRinteraction	Sdc4	COLLAGEN
Col9a2	LRinteraction	Sdc4	COLLAGEN
Col9a3	LRinteraction	Sdc4	COLLAGEN
Fn1	LRinteraction	Sdc4	FN1
Tnc	LRinteraction	Sdc4	TENASCIN
Tnr	LRinteraction	Sdc4	TENASCIN
Tnn	LRinteraction	Sdc4	TENASCIN
Tnxb	LRinteraction	Sdc4	TENASCIN
Thbs1	LRinteraction	Sdc4	THBS
Thbs2	LRinteraction	Sdc4	THBS
Thbs3	LRinteraction	Sdc4	THBS
Thbs4	LRinteraction	Sdc4	THBS
Comp	LRinteraction	Sdc4	THBS
Lama1	LRinteraction	Sv2a	LAMININ
Lama2	LRinteraction	Sv2a	LAMININ
Lama3	LRinteraction	Sv2a	LAMININ
Lama4	LRinteraction	Sv2a	LAMININ
Lama5	LRinteraction	Sv2a	LAMININ
Lamb1	LRinteraction	Sv2a	LAMININ
Lamb2	LRinteraction	Sv2a	LAMININ
Lamb3	LRinteraction	Sv2a	LAMININ
Lamc1	LRinteraction	Sv2a	LAMININ
Lamc2	LRinteraction	Sv2a	LAMININ
Lamc3	LRinteraction	Sv2a	LAMININ
Lama1	LRinteraction	Sv2b	LAMININ
Lama2	LRinteraction	Sv2b	LAMININ
Lama3	LRinteraction	Sv2b	LAMININ
Lama4	LRinteraction	Sv2b	LAMININ
Lama5	LRinteraction	Sv2b	LAMININ
Lamb1	LRinteraction	Sv2b	LAMININ
Lamb2	LRinteraction	Sv2b	LAMININ
Lamb3	LRinteraction	Sv2b	LAMININ
Lamc1	LRinteraction	Sv2b	LAMININ
Lamc2	LRinteraction	Sv2b	LAMININ
Lamc3	LRinteraction	Sv2b	LAMININ
Lama1	LRinteraction	Sv2c	LAMININ
Lama2	LRinteraction	Sv2c	LAMININ
Lama3	LRinteraction	Sv2c	LAMININ
Lama4	LRinteraction	Sv2c	LAMININ
Lama5	LRinteraction	Sv2c	LAMININ
Lamb1	LRinteraction	Sv2c	LAMININ
Lamb2	LRinteraction	Sv2c	LAMININ
Lamb3	LRinteraction	Sv2c	LAMININ
Lamc1	LRinteraction	Sv2c	LAMININ
Lamc2	LRinteraction	Sv2c	LAMININ
Lamc3	LRinteraction	Sv2c	LAMININ
Thbs1	LRinteraction	Cd36	THBS
Thbs2	LRinteraction	Cd36	THBS
Thbs3	LRinteraction	Cd36	THBS
Thbs4	LRinteraction	Cd36	THBS
Comp	LRinteraction	Cd36	THBS
Vwf	LRinteraction	Gp complex	VWF
Col1a1	LRinteraction	Gp6	COLLAGEN
Col1a2	LRinteraction	Gp6	COLLAGEN
Col2a1	LRinteraction	Gp6	COLLAGEN
Col4a1	LRinteraction	Gp6	COLLAGEN
Col4a2	LRinteraction	Gp6	COLLAGEN
Col4a3	LRinteraction	Gp6	COLLAGEN
Col4a4	LRinteraction	Gp6	COLLAGEN
Col4a5	LRinteraction	Gp6	COLLAGEN
Col4a6	LRinteraction	Gp6	COLLAGEN
Col6a1	LRinteraction	Gp6	COLLAGEN
Col6a2	LRinteraction	Gp6	COLLAGEN
Col6a3	LRinteraction	Gp6	COLLAGEN
Col6a4	LRinteraction	Gp6	COLLAGEN
Col6a5	LRinteraction	Gp6	COLLAGEN
Col6a6	LRinteraction	Gp6	COLLAGEN
Col9a1	LRinteraction	Gp6	COLLAGEN
Col9a2	LRinteraction	Gp6	COLLAGEN
Col9a3	LRinteraction	Gp6	COLLAGEN
Thbs1	LRinteraction	Cd47	THBS
Thbs2	LRinteraction	Cd47	THBS
Thbs3	LRinteraction	Cd47	THBS
Thbs4	LRinteraction	Cd47	THBS
Comp	LRinteraction	Cd47	THBS
Agrn	LRinteraction	Dag1	AGRN
Hspg2	LRinteraction	Dag1	HSPG
Lama1	LRinteraction	Dag1	LAMININ
Lama2	LRinteraction	Dag1	LAMININ
Lama3	LRinteraction	Dag1	LAMININ
Lama4	LRinteraction	Dag1	LAMININ
Lama5	LRinteraction	Dag1	LAMININ
Lamb1	LRinteraction	Dag1	LAMININ
Lamb2	LRinteraction	Dag1	LAMININ
Lamb3	LRinteraction	Dag1	LAMININ
Lamc1	LRinteraction	Dag1	LAMININ
Lamc2	LRinteraction	Dag1	LAMININ
Lamc3	LRinteraction	Dag1	LAMININ
Adgre5	LRinteraction	Cd55b	ADGRE5
Alcam	LRinteraction	Cd6	ALCAM
Anxa1	LRinteraction	Fpr2	ANXA1
Anxa1	LRinteraction	Lxa4	ANXA1
App	LRinteraction	Cd74	APP
Bst2	LRinteraction	Pira2	BST2
Cadm1	LRinteraction	Cadm1	CADM
Cadm3	LRinteraction	Cadm3	CADM
Cd1d2	LRinteraction	Pira2	CD1D2
Cd200	LRinteraction	Cd200r1	CD200
Cd200	LRinteraction	Cd200r2	CD200
Cd200	LRinteraction	Cd200r3	CD200
Cd200	LRinteraction	Cd200r4	CD200
Cd22	LRinteraction	Ptprc	CD22
Cd226	LRinteraction	Nectin2	CD226
Cd226	LRinteraction	Pvr	CD226
Fcer2a	LRinteraction	Itgam	CD23
Fcer2a	LRinteraction	Itgb2	CD23
Fcer2a	LRinteraction	Itgax	CD23
Fcer2a	LRinteraction	Itgav	CD23
Fcer2a	LRinteraction	Itgb3	CD23
Fcer2a	LRinteraction	Cr2	CD23
Cd34	LRinteraction	Selp	CD34
Entpd1	LRinteraction	Adora1	CD39
Entpd1	LRinteraction	Adora2a	CD39
Entpd1	LRinteraction	Adora2b	CD39
Entpd1	LRinteraction	Tmigd3	CD39
Cd40lg	LRinteraction	Cd40	CD40
Ptprc	LRinteraction	Cd22	CD45
Ptprc	LRinteraction	Mrc1	CD45
Cd46	LRinteraction	Jag1	CD46
Cd48	LRinteraction	Cd244a	CD48
Cd52	LRinteraction	Siglecg	CD52
Cd6	LRinteraction	Alcam	CD6
Cd80	LRinteraction	Cd274	CD80
Cd80	LRinteraction	Cd28	CD80
Cd80	LRinteraction	Ctla4	CD80
Cd86	LRinteraction	Cd28	CD86
Cd86	LRinteraction	Ctla4	CD86
Cd96	LRinteraction	Nectin1	CD96
Cd96	LRinteraction	Pvr	CD96
Cd99	LRinteraction	Pilra	CD99
Cd99	LRinteraction	Cd99	CD99
Cdh15	LRinteraction	Cdh15	CDH
Cdh4	LRinteraction	Cdh4	CDH
Cdh2	LRinteraction	Cdh2	CDH
Cdh1	LRinteraction	Cdh1	CDH
Cdh1	LRinteraction	Itga1	CDH1
Cdh1	LRinteraction	Itgb1	CDH1
Cdh1	LRinteraction	Itgae	CDH1
Cdh1	LRinteraction	Itgb7	CDH1
Cdh1	LRinteraction	Klrg1	CDH1
Cdh5	LRinteraction	Cdh5	CDH5
Cd1d1	LRinteraction	Ceacam5	CEACAM
Cd209a	LRinteraction	Ceacam1	CEACAM
Cd8a	LRinteraction	Ceacam5	CEACAM
Ceacam1	LRinteraction	Ceacam5	CEACAM
Sele	LRinteraction	Ceacam1	CEACAM
Cldn11	LRinteraction	Cldn11	CLDN
Clec2d	LRinteraction	Klrb1b	CLEC
Clec2g	LRinteraction	Klrb1	CLEC
Clec2h	LRinteraction	Klrb1	CLEC
Clec2i	LRinteraction	Klrb1	CLEC
Clec2f	LRinteraction	Klrb1f	CLEC
Clec2g	LRinteraction	Klrb1f	CLEC
Clec2i	LRinteraction	Klrb1f	CLEC
Nfasc	LRinteraction	Cntn1	CNTN
Nfasc	LRinteraction	Cntnap1	CNTN
Cntn2	LRinteraction	Cntn2	CNTN
Cntn2	LRinteraction	Cntnap2	CNTN
Cntn2	LRinteraction	L1cam	CNTN
Cntn1	LRinteraction	Nrcam	CNTN
Cspg4	LRinteraction	Itga2	CSPG4
Cspg4	LRinteraction	Itgb1	CSPG4
Dsc1	LRinteraction	Dsg1c	DESMOSOME
Dsc1	LRinteraction	Dsg2	DESMOSOME
Dsc2	LRinteraction	Dsg1c	DESMOSOME
Dsc2	LRinteraction	Dsg2	DESMOSOME
Dsg1c	LRinteraction	Dsc3	DESMOSOME
Dsg2	LRinteraction	Dsc3	DESMOSOME
Epgn	LRinteraction	Egfr	EPGN
Efna1	LRinteraction	Epha1	EPHA
Efna1	LRinteraction	Epha2	EPHA
Efna1	LRinteraction	Epha3	EPHA
Efna1	LRinteraction	Epha4	EPHA
Efna1	LRinteraction	Epha5	EPHA
Efna1	LRinteraction	Epha7	EPHA
Efna1	LRinteraction	Epha8	EPHA
Efna2	LRinteraction	Epha1	EPHA
Efna2	LRinteraction	Epha2	EPHA
Efna2	LRinteraction	Epha3	EPHA
Efna2	LRinteraction	Epha4	EPHA
Efna2	LRinteraction	Epha5	EPHA
Efna2	LRinteraction	Epha7	EPHA
Efna2	LRinteraction	Epha8	EPHA
Efna3	LRinteraction	Epha1	EPHA
Efna3	LRinteraction	Epha2	EPHA
Efna3	LRinteraction	Epha3	EPHA
Efna3	LRinteraction	Epha4	EPHA
Efna3	LRinteraction	Epha5	EPHA
Efna3	LRinteraction	Epha7	EPHA
Efna3	LRinteraction	Epha8	EPHA
Efna4	LRinteraction	Epha1	EPHA
Efna4	LRinteraction	Epha2	EPHA
Efna4	LRinteraction	Epha3	EPHA
Efna4	LRinteraction	Epha4	EPHA
Efna4	LRinteraction	Epha5	EPHA
Efna4	LRinteraction	Epha7	EPHA
Efna4	LRinteraction	Epha8	EPHA
Efna5	LRinteraction	Epha1	EPHA
Efna5	LRinteraction	Epha2	EPHA
Efna5	LRinteraction	Epha3	EPHA
Efna5	LRinteraction	Epha4	EPHA
Efna5	LRinteraction	Epha5	EPHA
Efna5	LRinteraction	Epha7	EPHA
Efna5	LRinteraction	Epha8	EPHA
Efna5	LRinteraction	Ephb2	EPHA
Efnb1	LRinteraction	Epha4	EPHB
Efnb1	LRinteraction	Ephb1	EPHB
Efnb1	LRinteraction	Ephb2	EPHB
Efnb1	LRinteraction	Ephb3	EPHB
Efnb1	LRinteraction	Ephb4	EPHB
Efnb2	LRinteraction	Epha4	EPHB
Efnb2	LRinteraction	Ephb1	EPHB
Efnb2	LRinteraction	Ephb2	EPHB
Efnb2	LRinteraction	Ephb3	EPHB
Efnb2	LRinteraction	Ephb4	EPHB
Efnb3	LRinteraction	Epha4	EPHB
Efnb3	LRinteraction	Ephb1	EPHB
Efnb3	LRinteraction	Ephb2	EPHB
Efnb3	LRinteraction	Ephb3	EPHB
Efnb3	LRinteraction	Ephb4	EPHB
Efnb3	LRinteraction	Ephb6	EPHB
Esam	LRinteraction	Esam	ESAM
Gp1ba	LRinteraction	Itgam	GP1BA
Gp1ba	LRinteraction	Itgb2	GP1BA
Icam1	LRinteraction	Itgax	ICAM
Icam1	LRinteraction	Itgb2	ICAM
Icam1	LRinteraction	Itgal	ICAM
Icam2	LRinteraction	Itgal	ICAM
Icam2	LRinteraction	Itgb2	ICAM
Icam1	LRinteraction	Itgam	ICAM
Icam2	LRinteraction	Itgam	ICAM
Icam1	LRinteraction	Itgb2l	ICAM
Icam2	LRinteraction	Itgb2l	ICAM
Icam1	LRinteraction	Spn	ICAM
Icam5	LRinteraction	Cd209a	ICAM
Icam5	LRinteraction	Cd209f	ICAM
Icosl	LRinteraction	Icos	ICOS
Icosl	LRinteraction	Cd28	ICOS
Icosl	LRinteraction	Ctla4	ICOS
Itgb2	LRinteraction	Cd226	ITGAL-ITGB2
Itgb2	LRinteraction	Icam1	ITGAL-ITGB2
Itgb2	LRinteraction	Icam2	ITGAL-ITGB2
Itgb2l	LRinteraction	Cd226	ITGAL-ITGB2
Itgb2l	LRinteraction	Icam1	ITGAL-ITGB2
Itgb2l	LRinteraction	Icam2	ITGAL-ITGB2
Jam2	LRinteraction	Itga3	JAM
Jam2	LRinteraction	Itgb1	JAM
Jam2	LRinteraction	Itgav	JAM
Jam3	LRinteraction	Itgam	JAM
Jam3	LRinteraction	Itgb2	JAM
Jam1	LRinteraction	Itgal	JAM
Jam1	LRinteraction	Itgb2	JAM
Jam3	LRinteraction	Itgb2l	JAM
Jam2	LRinteraction	Jam3	JAM
F11r	LRinteraction	F11r	JAM
F11r	LRinteraction	Jam2	JAM
F11r	LRinteraction	Jam3	JAM
Jam2	LRinteraction	F11r	JAM
Jam2	LRinteraction	Jam2	JAM
Jam3	LRinteraction	F11r	JAM
Jam3	LRinteraction	Jam2	JAM
Jam3	LRinteraction	Jam3	JAM
L1cam	LRinteraction	Itgav	L1CAM
L1cam	LRinteraction	Itgb3	L1CAM
L1cam	LRinteraction	Itga4	L1CAM
L1cam	LRinteraction	Itgb7	L1CAM
L1cam	LRinteraction	L1cam	L1CAM
Lair1	LRinteraction	Pira2	LAIR1
Lck	LRinteraction	Cd8a	LCK
Lck	LRinteraction	Cd8b1	LCK
Madcam1	LRinteraction	Itga4	MADCAM
Madcam1	LRinteraction	Itgb7	MADCAM
Mag	LRinteraction	Mag	MAG
H2-t23	LRinteraction	Klrd1	MHC-I
H2-t23	LRinteraction	Klrc1	MHC-I
H2-t23	LRinteraction	Klrc2	MHC-I
H2-m2	LRinteraction	Cd8a	MHC-I
H2-m3	LRinteraction	Cd8a	MHC-I
H2-m9	LRinteraction	Cd8a	MHC-I
H2-q1	LRinteraction	Cd8a	MHC-I
H2-q10	LRinteraction	Cd8a	MHC-I
H2-q2	LRinteraction	Cd8a	MHC-I
H2-q7	LRinteraction	Cd8a	MHC-I
H2-q8	LRinteraction	Cd8a	MHC-I
H2-t22	LRinteraction	Cd8a	MHC-I
H2-t23	LRinteraction	Cd8a	MHC-I
H2-t24	LRinteraction	Cd8a	MHC-I
H2-t3	LRinteraction	Cd8a	MHC-I
H2-t9	LRinteraction	Cd8a	MHC-I
H2-m10.4	LRinteraction	Cd8a	MHC-I
H2-m11	LRinteraction	Cd8a	MHC-I
H2-m1	LRinteraction	Cd8a	MHC-I
H2-m10.5	LRinteraction	Cd8a	MHC-I
H2-m10.2	LRinteraction	Cd8a	MHC-I
H2-m10.6	LRinteraction	Cd8a	MHC-I
H2-t10	LRinteraction	Cd8a	MHC-I
H2-q6	LRinteraction	Cd8a	MHC-I
H2-m10.3	LRinteraction	Cd8a	MHC-I
H2-bl	LRinteraction	Cd8a	MHC-I
H2-d1	LRinteraction	Cd8a	MHC-I
H2-k1	LRinteraction	Cd8a	MHC-I
H2-m10.1	LRinteraction	Cd8a	MHC-I
H2-t18	LRinteraction	Cd8a	MHC-I
H2-q9	LRinteraction	Cd8a	MHC-I
Gm8909	LRinteraction	Cd8a	MHC-I
H2-l	LRinteraction	Cd8a	MHC-I
Gm10499	LRinteraction	Cd8a	MHC-I
H2-q4	LRinteraction	Cd8a	MHC-I
H2-t-ps	LRinteraction	Cd8a	MHC-I
Gm11127	LRinteraction	Cd8a	MHC-I
H2-m5	LRinteraction	Cd8a	MHC-I
Gm7030	LRinteraction	Cd8a	MHC-I
H2-m2	LRinteraction	Cd8b1	MHC-I
H2-m3	LRinteraction	Cd8b1	MHC-I
H2-m9	LRinteraction	Cd8b1	MHC-I
H2-q1	LRinteraction	Cd8b1	MHC-I
H2-q10	LRinteraction	Cd8b1	MHC-I
H2-q2	LRinteraction	Cd8b1	MHC-I
H2-q7	LRinteraction	Cd8b1	MHC-I
H2-q8	LRinteraction	Cd8b1	MHC-I
H2-t22	LRinteraction	Cd8b1	MHC-I
H2-t23	LRinteraction	Cd8b1	MHC-I
H2-t24	LRinteraction	Cd8b1	MHC-I
H2-t3	LRinteraction	Cd8b1	MHC-I
H2-t9	LRinteraction	Cd8b1	MHC-I
H2-m10.4	LRinteraction	Cd8b1	MHC-I
H2-m11	LRinteraction	Cd8b1	MHC-I
H2-m1	LRinteraction	Cd8b1	MHC-I
H2-m10.5	LRinteraction	Cd8b1	MHC-I
H2-m10.2	LRinteraction	Cd8b1	MHC-I
H2-m10.6	LRinteraction	Cd8b1	MHC-I
H2-t10	LRinteraction	Cd8b1	MHC-I
H2-q6	LRinteraction	Cd8b1	MHC-I
H2-m10.3	LRinteraction	Cd8b1	MHC-I
H2-bl	LRinteraction	Cd8b1	MHC-I
H2-d1	LRinteraction	Cd8b1	MHC-I
H2-k1	LRinteraction	Cd8b1	MHC-I
H2-m10.1	LRinteraction	Cd8b1	MHC-I
H2-t18	LRinteraction	Cd8b1	MHC-I
H2-q9	LRinteraction	Cd8b1	MHC-I
Gm8909	LRinteraction	Cd8b1	MHC-I
H2-l	LRinteraction	Cd8b1	MHC-I
Gm10499	LRinteraction	Cd8b1	MHC-I
H2-q4	LRinteraction	Cd8b1	MHC-I
H2-t-ps	LRinteraction	Cd8b1	MHC-I
Gm11127	LRinteraction	Cd8b1	MHC-I
H2-m5	LRinteraction	Cd8b1	MHC-I
Gm7030	LRinteraction	Cd8b1	MHC-I
H2-bi	LRinteraction	Kir3dl1	MHC-I
H2-d1	LRinteraction	Kir3dl1	MHC-I
H2-k1	LRinteraction	Kir3dl1	MHC-I
H2-q1	LRinteraction	Kir3dl1	MHC-I
H2-q10	LRinteraction	Kir3dl1	MHC-I
H2-q2	LRinteraction	Kir3dl1	MHC-I
H2-q4	LRinteraction	Kir3dl1	MHC-I
H2-q6	LRinteraction	Kir3dl1	MHC-I
H2-q7	LRinteraction	Kir3dl1	MHC-I
H2-d	LRinteraction	Klra	MHC-I
H2-k1	LRinteraction	Klra	MHC-I
Ulbp1	LRinteraction	Klrk1	MHC-I
Raet1a	LRinteraction	Klrk1	MHC-I
H60a	LRinteraction	Klrk1	MHC-I
H2-ea-ps	LRinteraction	Cd4	MHC-II
H2-aa	LRinteraction	Cd4	MHC-II
H2-ab1	LRinteraction	Cd4	MHC-II
H2-eb1	LRinteraction	Cd4	MHC-II
H2-dma	LRinteraction	Cd4	MHC-II
H2-dmb1	LRinteraction	Cd4	MHC-II
H2-dmb2	LRinteraction	Cd4	MHC-II
H2-oa	LRinteraction	Cd4	MHC-II
H2-ob	LRinteraction	Cd4	MHC-II
Mpz	LRinteraction	Mpzl1	MPZ
Mpz	LRinteraction	Mpz	MPZ
Mpzl1	LRinteraction	Mpzl1	MPZ
Ncam1	LRinteraction	Fgfr1	NCAM
Ncam1	LRinteraction	Ncam1	NCAM
Ncam1	LRinteraction	Ncam2	NCAM
Ncam1	LRinteraction	L1cam	NCAM
Ncam2	LRinteraction	L1cam	NCAM
Nectin1	LRinteraction	Cadm3	NECTIN
Nectin1	LRinteraction	Cd96	NECTIN
Nectin1	LRinteraction	Nectin4	NECTIN
Nectin3	LRinteraction	Nectin1	NECTIN
Nectin3	LRinteraction	Nectin2	NECTIN
Nectin3	LRinteraction	Pvr	NECTIN
Nectin3	LRinteraction	Tigit	NECTIN
Nectin2	LRinteraction	Cd226	NECTIN
Nectin2	LRinteraction	Tigit	NECTIN
Nectin1	LRinteraction	Nectin3	NECTIN
Negr1	LRinteraction	Negr1	NEGR
Lrrc4c	LRinteraction	Ntng1	NGL
Lrrc4	LRinteraction	Ntng2	NGL
Lrrc4b	LRinteraction	Ptprf	NGL
Ulbp1	LRinteraction	Klrk1	NKG2D
Ulbp1	LRinteraction	Hcst	NKG2D
Dlk1	LRinteraction	Notch1	NOTCH
Dlk1	LRinteraction	Notch2	NOTCH
Dlk1	LRinteraction	Notch3	NOTCH
Dlk1	LRinteraction	Notch4	NOTCH
Dll1	LRinteraction	Notch1	NOTCH
Dll1	LRinteraction	Notch3	NOTCH
Dll1	LRinteraction	Notch4	NOTCH
Dll3	LRinteraction	Notch1	NOTCH
Dll3	LRinteraction	Notch2	NOTCH
Dll3	LRinteraction	Notch3	NOTCH
Dll3	LRinteraction	Notch4	NOTCH
Dll4	LRinteraction	Notch1	NOTCH
Dll4	LRinteraction	Notch2	NOTCH
Dll4	LRinteraction	Notch3	NOTCH
Dll4	LRinteraction	Notch4	NOTCH
Jag1	LRinteraction	Notch1	NOTCH
Jag1	LRinteraction	Notch2	NOTCH
Jag1	LRinteraction	Notch3	NOTCH
Jag1	LRinteraction	Notch4	NOTCH
Jag2	LRinteraction	Notch1	NOTCH
Jag2	LRinteraction	Notch2	NOTCH
Jag2	LRinteraction	Notch3	NOTCH
Jag2	LRinteraction	Notch4	NOTCH
Dll1	LRinteraction	Notch2	NOTCH
Nrxn1	LRinteraction	Nlgn1	NRXN
Nrxn1	LRinteraction	Nlgn2	NRXN
Nrxn1	LRinteraction	Nlgn3	NRXN
Nrxn2	LRinteraction	Nlgn1	NRXN
Nrxn2	LRinteraction	Nlgn2	NRXN
Nrxn2	LRinteraction	Nlgn3	NRXN
Nrxn3	LRinteraction	Nlgn1	NRXN
Nrxn3	LRinteraction	Nlgn2	NRXN
Nrxn3	LRinteraction	Nlgn3	NRXN
Ocln	LRinteraction	Ocln	OCLN
Cd274	LRinteraction	Pdcd1	PD-L1
Pdcd1lg2	LRinteraction	Pdcd1	PDL2
Pecam1	LRinteraction	Pecam1	PECAM1
Ptprm	LRinteraction	Ptprm	PTPRM
Pvr	LRinteraction	Cd226	PVR
Pvr	LRinteraction	Tigit	PVR
Sele	LRinteraction	Cd44	SELE
Sele	LRinteraction	Glg1	SELE
Sell	LRinteraction	Cd34	SELL
Sell	LRinteraction	Podxl	SELL
Sell	LRinteraction	Glycam1	SELL
Sell	LRinteraction	Madcam1	SELL
Selplg	LRinteraction	Sele	SELPLG
Selplg	LRinteraction	Sell	SELPLG
Selplg	LRinteraction	Selp	SELPLG
Sema4a	LRinteraction	Nrp1	SEMA4
Sema4a	LRinteraction	Plxna1	SEMA4
Sema4a	LRinteraction	Plxna2	SEMA4
Sema4a	LRinteraction	Plxna3	SEMA4
Sema4a	LRinteraction	Plxna4	SEMA4
Sema4a	LRinteraction	Plxnb1	SEMA4
Sema4a	LRinteraction	Plxnb2	SEMA4
Sema4a	LRinteraction	Plxnb3	SEMA4
Sema4d	LRinteraction	Plxnb1	SEMA4
Sema4d	LRinteraction	Plxnb2	SEMA4
Sema4d	LRinteraction	Plxnb3	SEMA4
Sema4c	LRinteraction	Plxnb2	SEMA4
Sema4g	LRinteraction	Plxnb2	SEMA4
Sema4a	LRinteraction	Timd2	SEMA4
Sema4d	LRinteraction	Cd72	SEMA4
Sema5a	LRinteraction	Plxna1	SEMA5
Sema5b	LRinteraction	Plxna1	SEMA5
Sema5a	LRinteraction	Plxna3	SEMA5
Sema5b	LRinteraction	Plxna3	SEMA5
Sema5a	LRinteraction	Plxnb3	SEMA5
Sema6d	LRinteraction	Plxna1	SEMA6
Sema6d	LRinteraction	Kdr	SEMA6
Sema6d	LRinteraction	Trem2	SEMA6
Sema6a	LRinteraction	Plxna2	SEMA6
Sema6b	LRinteraction	Plxna2	SEMA6
Sema6a	LRinteraction	Plxna4	SEMA6
Sema6b	LRinteraction	Plxna4	SEMA6
Sema7a	LRinteraction	Itgb1	SEMA7
Sema7a	LRinteraction	Itga1	SEMA7
Sema7a	LRinteraction	Plxnc1	SEMA7
Siglec1	LRinteraction	Spn	SN
Thy1	LRinteraction	Itgam	THY1
Thy1	LRinteraction	Itgb2	THY1
Thy1	LRinteraction	Itgax	THY1
Thy1	LRinteraction	Itgav	THY1
Thy1	LRinteraction	Itgb3	THY1
Tigit	LRinteraction	Nectin2	TIGIT
Tigit	LRinteraction	Pvr	TIGIT
Vcam1	LRinteraction	Itga4	VCAM
Vcam1	LRinteraction	Itgb1	VCAM
Vcam1	LRinteraction	Itga9	VCAM
Vcam1	LRinteraction	Itgb7	VCAM
Vsir	LRinteraction	Igsf11	VISTA
